,Title,Company,Location,Snippet,Job Url,Salary,Seniority,Average,is duplicated
0, Warehouse and Logistics Manager,C&L Decor,Quezon City,"Overall in charge of warehouse and logistics team.Responsible for timely and correct delivery, set up and pull out of rental items.",https://ph.indeed.com/pagead/clk?mo=r&ad=-6NYlbfkN0DDqS8H06XiaTtf1G2AYbRf-cCYmmJwCwxas9fpgnlOsIbHVonB7kF8naSN_YaKIg2lFYCivAmp-nFfa2kcajIqEZlQt-xFpwnEtUyN4ItYzWLo2lNWSDlSWctvpWyY3Z_0Eg1FFXTYVeg6788TnmJFSBVHZS2hQ1Cnk_ECfjDCPpfgnF_EQi3tJ2SM9kwyq9jPJgqEDZB2SVXHWNow1QpcM9GXnSijQUa_RSlO3UXbLN3xq1TKeHMro_wVVVybfmSp8IpQnqvpCBSLgK-ojs827EgBHR-55lfLUH0NE_xrcIYo_03Vrd0CDzNIg4FROMhtTvfB7wPge9wG4EK6zJU59lpa29u_BpZFMWvGnnJxgApI9Dv0cc_yCSNImRDmebnFh4Ui5gBzHbFEW0O-oxEht421OegcKH7HkY1VfFYJA7ptx64Oq5I_897LFZ3R1rWMyerzyvW87xLa8PIgj2UAXfDsmtvSkSI=&p=0&fvj=1&vjs=3,"PHP 30,000 - PHP 50,000 a month",middle_level,40000.0,False
1,Warehouse Manager,Styleright Global Corp,Quezon City,"Manages the Styleright Global warehouse including the oversight of the following major areas: Inventory, Fulfilment, Delivery, Returns and Repairs.",https://ph.indeed.com/pagead/clk?mo=r&ad=-6NYlbfkN0BfV3sViy7UxIQ9fiC1DpSpN_464hoahgMH33x8XuuRcVkHi9eA6qqVpMSmfXqKsTBNUlZZTvQrN3tGBCLoyumm8ai7cw250uCwMIMv3nR2qkECWhczuzoomxU-TshyuInIzxPo52diFMa0udzM5vlu_3k2nEo_H9TgfGqXEqTvOjvRmEX1Cwq7cJgnwYrFCkmeJ4gKM-wgN3pJQwgYdeQF4YPHN_laKUSRhBu2SLjNQk4B68U74smClmKtSrZXe32j3WAGJMayfmWivU9up8MG_GJmX_p_7LO5Z1sD9gipUJ7fUj8Rf550Ms9Sz4ABEB9Xn7g2vN1FMwqsunt0QL6Rsi52Wrj2oWE__v1s-cxDg4tXCgUv0hMTYDwLoBtFebM_u8pXtSxS8LNlR8JFnMrdXkKnQAijOa8Rn6TNHr-K2EtP5cP-7LnPwJ8ZZq-wk6ndgtGlmBYHC5ECOw_I4MT8&p=1&fvj=1&vjs=3,"PHP 30,000 - PHP 40,000 a month",middle_level,35000.0,False
2, Business Development Manager,Counto,Remote,Lead generation: Develop and grow the pipeline of small business owners who might be interested in Counto's services.Event management skills are an added plus.,https://ph.indeed.com/pagead/clk?mo=r&ad=-6NYlbfkN0CGoa8kOvm4cdVn3yVUHbyOXTpbu9vYfEQ_yhF8woKjCEAqGvvbKDaEfiA9OANXLrI2EcnMoITOVIpsxRGW8qiMl1gm1SzWgUuE1oHQtrAgKyFexJlwjyBEa66QCIrGDlL8stN_4cGd34RgW86ybCTst5u2RjgdJTQ1nKz5_vSxgaeahlEyri8e4WRig7A_-vTsbIqLUi4w5nLgyHwaoj7sea2DnWjTgO_A0xr-Tlz2bW8DYl1gYKLektQj9du38ta8hOqVra-jRCY2gkjuGB5lyk3OmQhRlBePMr-b6ff7ZeLjAS4k1QRW6GueW4T6MGpJ0oDEqfAn39SaFkVsIUD28e4GU590V_mBIoo_WcnZBiu2QnnHTqMEJ67KaB79TOAUpWp02BrBBBMN4aLQHq49q9fV29DoUUY_Mfy6bTYtPfIBxIpIWELAC4-guxDBCLa2leprdnTBLaPxyGqcU-h_DiuKAWSG8hU=&p=2&fvj=1&vjs=3,"PHP 25,836 - PHP 83,799 a month",senior_level,54817.5,False
3,Operations Manager,Vrio-Fintech,Remote,Vrio-Fintech *is a payment processing company focusing on cutting-edge technology to automate banking and digital wallet payments for clients across the Globe.,https://ph.indeed.com/pagead/clk?mo=r&ad=-6NYlbfkN0CaE4UUR_EVQ77SkiASFVMKUx_i2X5txYnscV13_I0a8SHsBseSSIFi-o-Jf1ziFQQiIpkJJHJo8WrxKI5Wk0qtN0UmIOYJYiAlioDJrTEBlXal4lnQd-aqEw4aTbV1rSb-fZ6QWXc-FdT0eOl1nWnDKD6-innFr2JN29kbkJ8zdxpxegMz_g7k2Nz-J0_JjOpo-8KyJi8cvURS6TWpfwn5OlYAA5USm7EovUtgjY213YPf7g-7iSvxx4dSCVP-nPUMn9q_-9Aki8DeKmq9FQX1ZDK592phF9DpmyxEYIibfQHtHoew5UWlZcZ_2IJFrftcohy_YwK9rXRrV9GzCQOok8EI8rT268nHSHldHCHKYAaFSqRZ8NAEtDudFK1jEMS052-tuPkNOpAdyZztQrIiDbqqZdzt45i_7Oi2S9LRhWt0quyHxqnYTxPWIq1hD1MlVXxCC8NWLCJWXvh7EVZb18MtcmA_x_M=&p=3&fvj=1&vjs=3,"PHP 50,000 - PHP 60,000 a month",middle_level,55000.0,False
14, Operations Manager (Temporary work from home set-up until fu...,JK Network Services,Remote,Atleast 3 years of experience as Ops Manager/Assistant Manager.Amenable to work onsite and WFH set-up.Advertising experience is a plus.,https://ph.indeed.com/company/JK-Network-Services/jobs/Operation-Manager-5c1ee6e67f3c14d8?fccid=62bd09cb34df5ce3&vjs=3,"PHP 70,000 - PHP 80,000 a month",senior_level,55000.0,False
33, Business Development Manager,Counto,Remote,Lead generation: Develop and grow the pipeline of small business owners who might be interested in Counto's services.Event management skills are an added plus.,https://ph.indeed.com/pagead/clk?mo=r&ad=-6NYlbfkN0CGoa8kOvm4cdVn3yVUHbyOXTpbu9vYfEQ_yhF8woKjCEAqGvvbKDaEfiA9OANXLrI2EcnMoITOVIpsxRGW8qiMl1gm1SzWgUuE1oHQtrAgKyFexJlwjyBEa66QCIrGDlL8stN_4cGd34RgW86ybCTst5u2RjgdJTQ1nKz5_vSxgaeahlEyri8ere1cjBWTSQHEXq97NQ4QN5zmPNkEUWbhXI3EVdX_eHKdYMvnoHqFTcCjUm1cAsq5ZULLgKd_iGoid8wD1mQNSPkyzp6dtNM8m66vHkFoRX4kcWA0Qxxf-MdlFqNBN8JzuaDUSfcKuc1VPQKnRk7pYpeuuF3e3zlN-BkRkFTh6XAL7gZuy7mVGUJd1ysAPrLxv4INvfkhEG5b_eWckAE55mmbrgkCYri2ozqsZz044mynmJvRhZvs2m-Za1RArsLQrcoMBGN2eygncWYb0F3dUBqTvv4veeL0US4llV_iBiY=&p=3&fvj=1&vjs=3,"PHP 25,836 - PHP 83,799 a month",senior_level,40000.0,False
45, Warehouse and Logistics Manager,C&L Decor,Quezon City,"Overall in charge of warehouse and logistics team.Responsible for timely and correct delivery, set up and pull out of rental items.",https://ph.indeed.com/pagead/clk?mo=r&ad=-6NYlbfkN0DDqS8H06XiaTtf1G2AYbRf-cCYmmJwCwxas9fpgnlOsIbHVonB7kF8naSN_YaKIg2lFYCivAmp-nFfa2kcajIqEZlQt-xFpwnEtUyN4ItYzWLo2lNWSDlSWctvpWyY3Z_0Eg1FFXTYVeg6788TnmJFSBVHZS2hQ1Cnk_ECfjDCPpfgnF_EQi3tWXfdEQlQBI4nxLeI1t_g3sYShdFj-AhtCfrbVNQfozThVP9lWISSF-1LiuxDxCueSXjMYh6jdF8IDqDuV__GVy7PwBz3-ZILs-YFOtvKWEL37xlhxGKdSZK_4FO-n63pZ9ng-UdGLGX3LBMVY_pgQDj5ckYL750fqfp70burJSHAiszAknGWwue0KQRwSaRYGy2D80ZP4qRUSFdQ8hfclsROvk9IoIOfuiQtTxDqPv045hH-XwzEJ4xzBdbrNDbIoxgHG7Z1KKPk6jsOcrTcNl546kqDCEboYjpA5AMn0Co=&p=0&fvj=1&vjs=3,"PHP 30,000 - PHP 50,000 a month",middle_level,55000.0,False
46,Warehouse Manager,Styleright Global Corp,Quezon City,"Manages the Styleright Global warehouse including the oversight of the following major areas: Inventory, Fulfilment, Delivery, Returns and Repairs.",https://ph.indeed.com/pagead/clk?mo=r&ad=-6NYlbfkN0BfV3sViy7UxIQ9fiC1DpSpN_464hoahgMH33x8XuuRcVkHi9eA6qqVpMSmfXqKsTBNUlZZTvQrN3tGBCLoyumm8ai7cw250uCwMIMv3nR2qkECWhczuzoomxU-TshyuInIzxPo52diFMa0udzM5vlu_3k2nEo_H9TgfGqXEqTvOjvRmEX1Cwq7tx49lqWcRLJokimy0dwjH4goDV0Vs9mt2wl2PCYoYzSJY8kYA0BHFmkO3jVHnwpa_CcLgMqS-8Xwz2iGU0y4EOc9tYTM63JEvGWVBpEvFcSnPIV58CA5tmWRDfj5orrrh3sB9DK-4QmTbkIlma0km_v_2NR08OcCTzjYeQiZNL3Bd1eQNnK0iFih2nwmA4MB_VcFrmSBc_U4iB21DFKYrY4fhZMypPoJ2ydl_dkyGjLtTRNQLO03LQeabHl9oWlFyVhRlHkRqRPOH7UGzJ03V-WWENOS-AAE&p=1&fvj=1&vjs=3,"PHP 30,000 - PHP 40,000 a month",middle_level,40000.0,False
47,Operations Manager,Vrio-Fintech,Remote,Vrio-Fintech *is a payment processing company focusing on cutting-edge technology to automate banking and digital wallet payments for clients across the Globe.,https://ph.indeed.com/pagead/clk?mo=r&ad=-6NYlbfkN0CaE4UUR_EVQ77SkiASFVMKUx_i2X5txYnscV13_I0a8SHsBseSSIFi-o-Jf1ziFQQiIpkJJHJo8WrxKI5Wk0qtN0UmIOYJYiAlioDJrTEBlXal4lnQd-aqEw4aTbV1rSb-fZ6QWXc-FdT0eOl1nWnDKD6-innFr2JN29kbkJ8zdxpxegMz_g7kmtkDsMATnHWVN7OvYJtib0fgibT2VfEGXNffrAaObEiQJrDcecEiwgSkJqjavWuKU7vsJmN8QqgJ2-npGO1zuPwj1Lo_OEty58Tl2h6DUn-juobMr-r4OQynYbSFwEVR5ERgzzLkElCdH2b5ZvQwBzvFa2OgKvg7_Ybkkbfdhton767QBwwx_h_Yc3BLwqglr5z77c80QI3Hvcf7LD0BQZGog0tCYGKjlNr4yrW9pBigslnmcivRDXIJz5Zl3vgZ0_BqvMAt__w27vplg0vQU9DTRYhVLHksQUoM8Kzr9IY=&p=2&fvj=1&vjs=3,"PHP 50,000 - PHP 60,000 a month",middle_level,47500.0,False
59, Area Sales Manager for Metro Manila,"Gandang Kalikasan, Inc. (Human Nature)",Remote,"Responsible for managing an assigned portfolio of branches within the specific area of Metro Manila, with the objective of achieving Field Plan targets (such as…","https://ph.indeed.com/company/Gandang-Kalikasan,-Inc.-(Human-Nature)/jobs/Area-Sales-Manager-Metro-Manila-2e6c5bc3b104d6de?fccid=9045ecc1e392ae5f&vjs=3","PHP 45,000 a month",middle_level,35000.0,False
60,Operations Manager,Vrio-Fintech,Remote,Vrio-Fintech *is a payment processing company focusing on cutting-edge technology to automate banking and digital wallet payments for clients across the Globe.,https://ph.indeed.com/pagead/clk?mo=r&ad=-6NYlbfkN0CaE4UUR_EVQ77SkiASFVMKUx_i2X5txYnscV13_I0a8SHsBseSSIFi-o-Jf1ziFQQiIpkJJHJo8WrxKI5Wk0qtN0UmIOYJYiAlioDJrTEBlXal4lnQd-aqEw4aTbV1rSb-fZ6QWXc-FdT0eOl1nWnDKD6-innFr2JN29kbkJ8zdxpxegMz_g7kWCcTiuJPivJKjFtoOt1i6ManCg9XrScTfIbddrHCUNg0l9RMNG9jg7S2goOchRB1wDUO2LOtHcXLfiWQJFNDA1tdlsZEK2iKpDETM5ZmSh4NGiDj22K16ZAiiCfg7dI1W1GG5-Z3zrty2xAcbk_Z_rtQJydfWGz6xSgWHde3Z7guOHwxRQaqcw6trbNguqEB9cHiJtZSNtjeLrcSMF7GUl6gxAKHF_oMGQ7myW9rXplkUsKx7mWtY03Y8Eo-iUhj3Gpfb5AonhyA8fsJfvBIp9WFBl00Q6PZipTqlcVF89I=&p=0&fvj=1&vjs=3,"PHP 50,000 - PHP 60,000 a month",middle_level,54817.5,False
61, Warehouse and Logistics Manager,C&L Decor,Quezon City,"Overall in charge of warehouse and logistics team.Responsible for timely and correct delivery, set up and pull out of rental items.",https://ph.indeed.com/pagead/clk?mo=r&ad=-6NYlbfkN0DDqS8H06XiaTtf1G2AYbRf-cCYmmJwCwxas9fpgnlOsIbHVonB7kF8naSN_YaKIg2lFYCivAmp-nFfa2kcajIqEZlQt-xFpwnEtUyN4ItYzWLo2lNWSDlSWctvpWyY3Z_0Eg1FFXTYVeg6788TnmJFSBVHZS2hQ1Cnk_ECfjDCPpfgnF_EQi3twRfaKVXHfJ-TEa4xW907jG70wA-RAb5LEi9BN1tCZmfDXv3vq6OF1NbLUhtBEOyYLDTFmS91WFwrKlKv719hIibkjeC1IZ7zdY5oSG5tj8RuiloyT4oTBtIOhC2WKWP3E9hQy7bc_MSAYUIDiXpZLSmr3xG_OU40be_hUHJMb-aElHPT-nPfn_wG_itzT1zdj_tiS9pXkP_nPG7TRrOXSErDwLzeTcZY64MOCcerniYmvSFF-qJbR0KWYgJaGf4V9kVxqxYViYtsOeAc8pOSpHkuNfteIXt7Hu5xyZW90t0=&p=1&fvj=1&vjs=3,"PHP 30,000 - PHP 50,000 a month",middle_level,55000.0,False
62, HR Manager,pro group electric bike and scooer,Makati,"Develop and implement HR strategies and initiatives aligned with the overall business strategy.Bridge management and employee relations by addressing demands,…",https://ph.indeed.com/pagead/clk?mo=r&ad=-6NYlbfkN0DrTLwo4BEZ61idMT5iWx7bv10aHPb5f3LgySyddVzyWGBBVhK68pHVzYNTqe2PO8dpsDylIEsqxE5R4t3AmRB7UshjzuTrsEpYCBWZLY4ZGHWksAsfUjYsy0lBAqISzY09hav3dwyGsM4UrEAqz1LRHddgXtXJpRveEj7TtxAt22UZqh984SrVZu5WMVHjZN4jO6qOORjy3Rx8M-XTKYU4aszlS7y0eq1lBJ0e7OaxbPqDdS4T2vt2SwPJiImzPM7chL4WN9iiXjAZ74cRHV2GCB4Irzmjebeam38TQf7s96GzHNumnfrffQvnkcjET19CekiUxu3XxokIQPoHPuQCvvUeWeyIBRwJWwKAEn30MDG-GSg39R2UuttWZDAy7gZU24dIhrx771sJY5S2F2rmuhXvb9fiuo-zbHQ8GTjHkKCy4BksK8bFfvjiYnHqxVakqK9NXANcCa-7VbctruNSc-HwE3L3crk=&p=2&fvj=1&vjs=3,"PHP 40,000 - PHP 55,000 a month",middle_level,70000.0,False
64,Area Manager (Food and Beverages),Making Fine Beverages Corporation - TIGER SUGAR PH,Manila,Oversee and direct operations at several locations within your assigned area.Ensure all handled stores are compliant with company guidelines and protocols.,https://ph.indeed.com/company/Gastroprime-Holdings-(Tiger-Sugar--PH)/jobs/Area-Manager-faa1d09beb30176c?fccid=d7a8729ef11ca065&vjs=3,"PHP 24,000 - PHP 28,000 a month",middle_level,45000.0,False
85,Area Manager,Making Fine Beverages Corp (Tiger Sugar-PH),Makati,Oversee and direct operations at several locations within your assigned area.Ensure all handled stores are complaint with company guidelines and protocols.,https://ph.indeed.com/company/Gastroprime-Holdings-(Tiger-Sugar--PH)/jobs/Area-Manager-c4f19a09a0e9a4ed?fccid=d7a8729ef11ca065&vjs=3,"PHP 24,000 a month",middle_level,30000.0,False
99, Restaurant Manager,Bornga Korean Restaurant,Makati,To follow company instructions and policy and maintain the good standard of quality of service and products;To be a good example to his/her subordinates;,https://ph.indeed.com/company/Bornga-Korean-Restaurant/jobs/Restaurant-Manager-ae7fa6ceeb3279dc?fccid=b13316596ca9feb2&vjs=3,"PHP 20,000 - PHP 35,000 a month",middle_level,32500.0,False
101, ASST. LOBBY MANAGER,The Landmark Makati,Makati,Experience in retail management and extensive knowledge and exposure in Supermarket operations particularly in frontend is an advantage.,https://ph.indeed.com/company/The-Landmark-Makati/jobs/Assistant-Lobby-Manager-c203a0629be6512f?fccid=dd862f1440ed7354&vjs=3,"PHP 30,000 - PHP 40,000 a month",junior_level,30000.0,False
103,Customer Experience Manager (Permanent WFH),Penbrothers International Inc.,Remote,Contribute in developing and improving our overall customer experience.Define and put in place better processes to improve the customer journey experience.,https://ph.indeed.com/company/Penbrothers-International-Inc./jobs/Customer-Experience-Manager-15382ac3c647d6c1?fccid=f073b02fe5aaf1d9&vjs=3,"PHP 40,000 a month",middle_level,27500.0,False
108,Assistant Restaurant Manager,Happyfoods Group of Restaurants,Manila,"Candidate must possess at least Bachelor's/College Degree in Hotel & Restaurant Management, Tourism, Business Studies/Administration/Management, Food & Beverage…",https://ph.indeed.com/pagead/clk?mo=r&ad=-6NYlbfkN0CtUjbthcZxg60AMrAtPJ9ucT455WeVisfWwHj3wlcAtzptAbnU_cby0V3Xm2l31e1hCQdFAvXoMTe3F5OoldbZveJqrbeZBhHyIVmmY4k9MXqdCf0Ho16xl3E_iQaycueIE8z5mtvw2OSWLQT5fz5XOCiTgyiwX3OFmv-TBtobq80k4gc2iPg2TdiLdIH2bfDxOztakLLss82SSnbsmHijaka-QLgVGUmcPRw6ms2tOQkFdMoTldYTfnUbcu95hbYMdoMzxgG5WKRJtoy5od3zGWjYpehUpND1vo_AKuTTmFx12GbQHy36y4mlrbb2TT6TcdwFNwHVPSF5D2spVzEEpiSEh9vIXyIdJBmvmGbztMtrgOlNadtLxaNj7iDi3w4SwMoNoVA0A6exlcTCpTq0OyHS8BT_KrsH0ieRk6yhubmWyWEs8omCXP1mdiROWm9tEvtkI9fhWF9fmrLeEH1jI3Pi2eNOK_o=&p=3&fvj=1&vjs=3,"PHP 29,000 - PHP 31,000 a month",junior_level,47500.0,False
120,Operations Manager,Vrio-Fintech,Remote,Vrio-Fintech *is a payment processing company focusing on cutting-edge technology to automate banking and digital wallet payments for clients across the Globe.,https://ph.indeed.com/pagead/clk?mo=r&ad=-6NYlbfkN0CaE4UUR_EVQ77SkiASFVMKUx_i2X5txYnscV13_I0a8SHsBseSSIFi-o-Jf1ziFQQiIpkJJHJo8WrxKI5Wk0qtN0UmIOYJYiAlioDJrTEBlXal4lnQd-aqEw4aTbV1rSb-fZ6QWXc-FdT0eOl1nWnDKD6-innFr2JN29kbkJ8zdxpxegMz_g7kR2-IxDZJXgEVwSP_Z0XyhPElVmcJOumr7dA5awjLFcDliG9UmFvUZDhjiJwza6ZflAXUcCepyL-JJlWtVaOFYgc0CL_lIPcRC5lX56RgjyxGFz9waLYO2mikj9LUi67iEdBfGPr4zwsryhTYe_ANojyORtHdJiZEQLT9QJZ9xL7v-Etrl8svmVJ3cylqG5Z1YGSvqe2r_iXBxcrODGlGnOwHlZuhwwuk4iIW4JYYH40VrrH7HM-95-PpiNl0dXRB1tv0QoY1r3zZSwAR5WABcJx0FVXxb_6DVY02y49LIE0=&p=0&fvj=1&vjs=3,"PHP 50,000 - PHP 60,000 a month",middle_level,40000.0,False
130, Restaurant Manager,Bornga Korean Restaurant,Makati,"As manager, you are required to wear formal or semi-formal attire during work hours;To act on behalf of the company on matters to pertaining to the day-to-day…",https://ph.indeed.com/company/Bornga-Korean-Restaurant/jobs/Restaurant-Manager-ae7fa6ceeb3279dc?fccid=b13316596ca9feb2&vjs=3,"PHP 20,000 - PHP 35,000 a month",middle_level,35000.0,False
165, Warehouse and Logistics Manager,C&L Decor,Quezon City,"Overall in charge of warehouse and logistics team.Responsible for timely and correct delivery, set up and pull out of rental items.",https://ph.indeed.com/pagead/clk?mo=r&ad=-6NYlbfkN0DDqS8H06XiaTtf1G2AYbRf-cCYmmJwCwxas9fpgnlOsIbHVonB7kF8naSN_YaKIg2lFYCivAmp-nFfa2kcajIqEZlQt-xFpwnEtUyN4ItYzWLo2lNWSDlSWctvpWyY3Z_0Eg1FFXTYVeg6788TnmJFSBVHZS2hQ1Cnk_ECfjDCPpfgnF_EQi3tc0413oIIhdL7qv09DWqB6cZDMjGhtfl_NnFZwNHhC_ftx_1AnQoe840J8uorZqvQcWpLB1Bx6rLl5rg0cm6AcZ6uXroRJSYlZUc-6zmI3vi6msVP9fSWm9lH5pXqo7gsTkF0rgN9FsHpTHdgYBdZY9cg9nlMJbZgIrSeXU5qLwiQ9A47nUzqDRjs9iQxtcFMaS7vtnuHRpPZajMuS488nSgYygrGyQL9dmVV2e4LBb9JvEzPq79q1CypYX4WOoF_gubZSMtxodar3_HjU1hM4Q8JP9TSeVrxlYaiFE5-6Ms=&p=0&fvj=1&vjs=3,"PHP 30,000 - PHP 50,000 a month",middle_level,40000.0,False
166,Warehouse Manager,Styleright Global Corp,Quezon City,"Manages the Styleright Global warehouse including the oversight of the following major areas: Inventory, Fulfilment, Delivery, Returns and Repairs.",https://ph.indeed.com/pagead/clk?mo=r&ad=-6NYlbfkN0BfV3sViy7UxIQ9fiC1DpSpN_464hoahgMH33x8XuuRcVkHi9eA6qqVpMSmfXqKsTBNUlZZTvQrN3tGBCLoyumm8ai7cw250uCwMIMv3nR2qkECWhczuzoomxU-TshyuInIzxPo52diFMa0udzM5vlu_3k2nEo_H9TgfGqXEqTvOjvRmEX1Cwq7LbzVYe92VSR0nMcIU23BnvreV0SQLM0kRyxCbw2FWzgY4DfkqljBqqpaJCIsfbcA0j1Bg5vkUMnRK2_k7xFwU_Oi5AoE-j13QWgCHmso1GAdwY2XhD-fhqoZr4_xICzcKNVlzR6jFSAZrrXaAW1leMigduiwP5S2bn9Q1MjF0g5ljg_mXTzEutMViFvx4HKCKXxgMVNEOr8o3SIlGfq91QdvQoszWdNkiRFXXo5nmusSwskCUPDt1WDEsPz9OHVXn4WPH6BPvEzsOmzRU0m7Eoe97sCEDa30&p=1&fvj=1&vjs=3,"PHP 30,000 - PHP 40,000 a month",middle_level,35000.0,False
167,Operations Manager,Vrio-Fintech,Remote,Vrio-Fintech *is a payment processing company focusing on cutting-edge technology to automate banking and digital wallet payments for clients across the Globe.,https://ph.indeed.com/pagead/clk?mo=r&ad=-6NYlbfkN0CaE4UUR_EVQ77SkiASFVMKUx_i2X5txYnscV13_I0a8SHsBseSSIFi-o-Jf1ziFQQiIpkJJHJo8WrxKI5Wk0qtN0UmIOYJYiAlioDJrTEBlXal4lnQd-aqEw4aTbV1rSb-fZ6QWXc-FdT0eOl1nWnDKD6-innFr2JN29kbkJ8zdxpxegMz_g7ktTEAC_u3cKnFdiUXdyIdSxSMQWGaHkrY9jlL4E_CSyrKSCL15EXtyfS5_En4jWARoDAGnKybOi9niAezn6vRQ5xhBOz18MxHCrV1MkF6sqQdJb-uvNmBx8JyukZ_O7hD9rbSOrl8w-bqHBH5AvLWAm7MQTvJM4i2C9YmdVaduc5OqZZO41_IqryHxh-r-CjfG_O6oL6RRPMAnDj_iuCKotOhJY9isn2mAwaNyjYLT1urTuNpbRLUOG_o-9NwnRHsTEdNp1M5Uy8jqiJweGOhmsAPvHlqB2lCLOYIgzX9oQg=&p=2&fvj=1&vjs=3,"PHP 50,000 - PHP 60,000 a month",middle_level,55000.0,False
178, Human Resources Manager,GrowthAssistant,Remote,"This position is hand-on and will build and oversee the Human Resources function, owning the end-to-end GrowthAssistant (GA) and internal team member experience…",https://ph.indeed.com/company/GrowthAssistant/jobs/Human-Resource-Manager-0312f9feb3ccda3d?fccid=bc27547eac27f7b0&vjs=3,"PHP 50,000 - PHP 80,000 a month",junior_level,35000.0,False
179, Area Sales Manager for Metro Manila,"Gandang Kalikasan, Inc. (Human Nature)",Remote,"Responsible for managing an assigned portfolio of branches within the specific area of Metro Manila, with the objective of achieving Field Plan targets (such as…","https://ph.indeed.com/company/Gandang-Kalikasan,-Inc.-(Human-Nature)/jobs/Area-Sales-Manager-Metro-Manila-2e6c5bc3b104d6de?fccid=9045ecc1e392ae5f&vjs=3","PHP 45,000 a month",middle_level,54817.5,False
180,Operations Manager,Vrio-Fintech,Remote,Vrio-Fintech *is a payment processing company focusing on cutting-edge technology to automate banking and digital wallet payments for clients across the Globe.,https://ph.indeed.com/pagead/clk?mo=r&ad=-6NYlbfkN0CaE4UUR_EVQ77SkiASFVMKUx_i2X5txYnscV13_I0a8SHsBseSSIFi-o-Jf1ziFQQiIpkJJHJo8WrxKI5Wk0qtN0UmIOYJYiAlioDJrTEBlXal4lnQd-aqEw4aTbV1rSb-fZ6QWXc-FdT0eOl1nWnDKD6-innFr2JN29kbkJ8zdxpxegMz_g7kXz48GixJkXVBS_bKocuUaP5bYy99ypn3dNz0ubD1F47ZSNdN_YSMGCZM8OQRQEKlv4ffW6ICw4BSoYkawxkPYJVYV7QsCTEviULm2TxFkuSpdP9tOK1cAcvs-9chHxTsdMPOPX7QSqGLHFJ_ddlrCjZFeMD57WMhGjA9IAqe92gimVgbqbgCY_r3hbtF2kqKB_t1cVKSJhURGwAC_Y0uUmWoTvPeQp_j5O4Ucva79ClqmIuoztH50NfnUo05JTbppk5xF1-nUzYH-LR1Fvn7tJvPMCBnyC1xo4xNDyierC8=&p=0&fvj=1&vjs=3,"PHP 50,000 - PHP 60,000 a month",middle_level,55000.0,False
204, OPERATIONS MANAGER,Kings Group of Companies,Makati,"Shall oversee day to day operations of people (admin staff, sales agent) assigned in different locations.With very high problem solving skills.",https://ph.indeed.com/company/ZC-KINGS-MANPOWER-AND-JANITORIAL-SERVICES/jobs/Operation-Manager-226e760663ee60f8?fccid=e5f00a47d48ee91d&vjs=3,"PHP 50,000 - PHP 55,000 a month",middle_level,54817.5,False
225, Warehouse and Logistics Manager,C&L Decor,Quezon City,"Overall in charge of warehouse and logistics team.Responsible for timely and correct delivery, set up and pull out of rental items.",https://ph.indeed.com/pagead/clk?mo=r&ad=-6NYlbfkN0DDqS8H06XiaTtf1G2AYbRf-cCYmmJwCwxas9fpgnlOsIbHVonB7kF8naSN_YaKIg2lFYCivAmp-nFfa2kcajIqEZlQt-xFpwnEtUyN4ItYzWLo2lNWSDlSWctvpWyY3Z_0Eg1FFXTYVeg6788TnmJFSBVHZS2hQ1Cnk_ECfjDCPpfgnF_EQi3tTpr5x9e6jnor3ATYdTCT6ar3V-AXH92k1juXJpMzTSZnVUIWbMqkgmIl5hFh6Oa7y3BfO_As_5Zqnq75LCVeyU8vW3YKPlujCJ3nrVVjbuKoBNJBbaCSLCxDCL3lH3zDXqFbKCZgHuVH44cHwfVaxHOe6uLo5eU5R-CDLKmgS-f8dycLFRDuRc8qX3KHJ3uYaVzVsuAUABNpwWxo145Ash_nvqGfmttpuJGGGvs8SNaCEwYWd91ZFDdiqCKhKxj3riD2UnVs8RnxqwbCGW80Hz-ZXR5vb0ZY0Uq93TbA5IU=&p=0&fvj=1&vjs=3,"PHP 30,000 - PHP 50,000 a month",middle_level,55000.0,False
226,Warehouse Manager,Styleright Global Corp,Quezon City,"Manages the Styleright Global warehouse including the oversight of the following major areas: Inventory, Fulfilment, Delivery, Returns and Repairs.",https://ph.indeed.com/pagead/clk?mo=r&ad=-6NYlbfkN0BfV3sViy7UxIQ9fiC1DpSpN_464hoahgMH33x8XuuRcVkHi9eA6qqVpMSmfXqKsTBNUlZZTvQrN3tGBCLoyumm8ai7cw250uCwMIMv3nR2qkECWhczuzoomxU-TshyuInIzxPo52diFMa0udzM5vlu_3k2nEo_H9TgfGqXEqTvOjvRmEX1Cwq7wGwWs94t8_AeU_-bSB46zFNfbAEkVPCfdAzv114Lc6S45wNA8lyxFIiPIWW_l59bLbEO8jnexmy52QMjTIffT9QHHYwi2fS-crNQqw5jnQm-zHT_sLUyQ5XCNTKO6CbSHblYUjdI4QHnSZK9XmgZwD4T-wOry1oIClxhTqDp3Ec8Qk5JuCZts2dIpNdIpjqGpgwQwSjUIrS933ci78OXPZaBlcJ4q0hV5lIrJ0zojrKiRee2r2B9NKYi6PXuItOkEPEZD1ifKg8Bu1OLDMh_oasDwgVLXb5L&p=1&fvj=1&vjs=3,"PHP 30,000 - PHP 40,000 a month",middle_level,40000.0,False
238, Operations Manager (Temporary work from home set-up until fu...,JK Network Services,Remote,Atleast 3 years of experience as Ops Manager/Assistant Manager.Amenable to work onsite and WFH set-up.Advertising experience is a plus.,https://ph.indeed.com/company/JK-Network-Services/jobs/Operation-Manager-5c1ee6e67f3c14d8?fccid=62bd09cb34df5ce3&vjs=3,"PHP 70,000 - PHP 80,000 a month",senior_level,35000.0,False
239, Human Resources Manager,GrowthAssistant,Remote,"This position is hand-on and will build and oversee the Human Resources function, owning the end-to-end GrowthAssistant (GA) and internal team member experience…",https://ph.indeed.com/company/GrowthAssistant/jobs/Human-Resource-Manager-0312f9feb3ccda3d?fccid=bc27547eac27f7b0&vjs=3,"PHP 50,000 - PHP 80,000 a month",junior_level,54817.5,False
240,Operations Manager,Vrio-Fintech,Remote,Vrio-Fintech *is a payment processing company focusing on cutting-edge technology to automate banking and digital wallet payments for clients across the Globe.,https://ph.indeed.com/pagead/clk?mo=r&ad=-6NYlbfkN0CaE4UUR_EVQ77SkiASFVMKUx_i2X5txYnscV13_I0a8SHsBseSSIFi-o-Jf1ziFQQiIpkJJHJo8WrxKI5Wk0qtN0UmIOYJYiAlioDJrTEBlXal4lnQd-aqEw4aTbV1rSb-fZ6QWXc-FdT0eOl1nWnDKD6-innFr2JN29kbkJ8zdxpxegMz_g7kXeWhOAEWjD6oqz5gPsbVxqbqHDrgBL5jP8nS1uJgi8kv3qmlg7mBFKoYN2TyykqMpf1JQAqc7eAU-r5eGk-pKM9EltWxPOHHAh50M1FBABVYNnYUwZcr3HiKrlIUGGXtjaIzBTxnEB8iJEdRtCJygvr6uLodmple-xuJBIqnGe-3KYv2RO2Mjpevbbta5rVrnsGkPYO-d4Z_DXaFn-nuQy_-dvVMR0zUpr8Zzdhp-ltDXsx4NE_gsL2tI8ElZCZf2yaNWO_L3P1WQJvPU-qWHr946ncpdRKMxVfMxqewVjo=&p=0&fvj=1&vjs=3,"PHP 50,000 - PHP 60,000 a month",middle_level,55000.0,False
253,Customer Experience Manager (Permanent WFH),Penbrothers International Inc.,Remote,Contribute in developing and improving our overall customer experience.Define and put in place better processes to improve the customer journey experience.,https://ph.indeed.com/company/Penbrothers-International-Inc./jobs/Customer-Experience-Manager-15382ac3c647d6c1?fccid=f073b02fe5aaf1d9&vjs=3,"PHP 40,000 a month",middle_level,45000.0,False
273,Operations Manager,Vrio-Fintech,Remote,Vrio-Fintech *is a payment processing company focusing on cutting-edge technology to automate banking and digital wallet payments for clients across the Globe.,https://ph.indeed.com/pagead/clk?mo=r&ad=-6NYlbfkN0CaE4UUR_EVQ77SkiASFVMKUx_i2X5txYnscV13_I0a8SHsBseSSIFi-o-Jf1ziFQQiIpkJJHJo8WrxKI5Wk0qtN0UmIOYJYiAlioDJrTEBlXal4lnQd-aqEw4aTbV1rSb-fZ6QWXc-FdT0eOl1nWnDKD6-innFr2JN29kbkJ8zdxpxegMz_g7kIi527POtkEnk9iFaEGGKDgMQmtZhgeXBInP_5YjPV7BNyg6lCoe4A8FGkfR0aC2DBTwarGny0P4SnrA8flJEtzfRe105PCbA6EsLGK8Vw6B4WG_5C0SXKx3s5aFLFHtaC8VDrnRSmB8OMgo3gBucTCszPSmCI3LEVEjx92TVVvYlmg9q-DP4rx3uM_F-gyUQ_eJ5FAe0-JZ1_GvMpPi374CU6B2MiJV-tDllo0wbuYaJxy0x7l17cxkikv5ZQnKsvTEkxU8AniTxG0wj5dw9SqsXvM3GJbao1YF5b5V3_UQ=&p=3&fvj=1&vjs=3,"PHP 50,000 - PHP 60,000 a month",middle_level,55000.0,False
274, Marketing Manager (Full Time) Work From Home,DrinkFit,Remote,"Will oversee inbound and Outbound Marketing campaigns of the company.Can analyze data gathered from specific resources, turn into graphs and present them to…",https://ph.indeed.com/pagead/clk?mo=r&ad=-6NYlbfkN0CzD41_wa0pJQ2EMc362fWKHNxn0qBF-KVwfu_dRalt96OHqgH_bWsYKLkr3nLCnEuEJME5v7SMoSN9XzxN3ECB9_vEh6EHuLUAESJ0up8baAbBPyBl_pOsUL6wyyi3FDO4SlTE_pxkLpy_P00SVR7ks9m79kUrH7_UjyQ95jYmzTh9pp1m3RNEU-zHZYIXboOK4Qz7epIYDhO-85cQG9fshA4x8FEk52blTR_oMR5UZCM19B_bV7Ydq7WECnV0uj_x8yDinYYAV35aHqMetZx-y4bM3X_9AcOKykeGt0CMAn0ahhZEWLrX8FhTlXGi4QH3fHuhVMncb1txO78-vTHZSb-fHmtG-dIB3P1qvUGX9v-_L0uXykA-1PfFL_gp7Z4wcUq6UNvc1UtpCS5t3D0mNzdLzHl8_vlf2wdQUOk3mL0EJQow8I5__fH8n0Adx4t8Bh5DyXjV8oYpWsidg8-FFqLnQ-FW_m0nj3tq423Ht0rzDBhCJqWA&p=4&fvj=1&vjs=3,"PHP 50,000 - PHP 60,000 a month",middle_level,40000.0,False
285,Operations Manager,Vrio-Fintech,Remote,Vrio-Fintech *is a payment processing company focusing on cutting-edge technology to automate banking and digital wallet payments for clients across the Globe.,https://ph.indeed.com/pagead/clk?mo=r&ad=-6NYlbfkN0CaE4UUR_EVQ77SkiASFVMKUx_i2X5txYnscV13_I0a8SHsBseSSIFi-o-Jf1ziFQQiIpkJJHJo8WrxKI5Wk0qtN0UmIOYJYiAlioDJrTEBlXal4lnQd-aqEw4aTbV1rSb-fZ6QWXc-FdT0eOl1nWnDKD6-innFr2JN29kbkJ8zdxpxegMz_g7ke9aKRnqq3LFwTzncZ68DIpahZ_JfhjJ9aCdfDZEOOdRCVKt6DnI9I2C-6iAYnLFSvZDqO67fSAvWUFDLTcrNoG0L5dyd9-C0jK1hpS7NknpvnbjwGqEmubcSnfnLFtKITy_2dxeNGG7Ewlcsp03P0iju2dFL6sMEPHvf1cQZNUswyPl1wJgSTAWdy_oBdfu5PYV0nZjjH_FDSAsZj2jokM_IEk08U6bcmkRTcHudPvva661oA3nYg_82-qqZfywa9gJ92omel0DtIX7z286dBuaL_jbWisFKYoMoQBAJCNI=&p=0&fvj=1&vjs=3,"PHP 50,000 - PHP 60,000 a month",middle_level,55000.0,False
286, Warehouse and Logistics Manager,C&L Decor,Quezon City,"Overall in charge of warehouse and logistics team.Responsible for timely and correct delivery, set up and pull out of rental items.",https://ph.indeed.com/pagead/clk?mo=r&ad=-6NYlbfkN0DDqS8H06XiaTtf1G2AYbRf-cCYmmJwCwxas9fpgnlOsIbHVonB7kF8naSN_YaKIg2lFYCivAmp-nFfa2kcajIqEZlQt-xFpwnEtUyN4ItYzWLo2lNWSDlSWctvpWyY3Z_0Eg1FFXTYVeg6788TnmJFSBVHZS2hQ1Cnk_ECfjDCPpfgnF_EQi3tLf9NWq3xEbpZ_vlPUUwCwziS1LhwH8kIho3HWhc7L0SPWIGjpPss1UTpxeKM8vlBS6Xj8ajnh1K-xPi4Ejv3NWLzQPaFadpwQmotYBF3Jw4MHShTTt-3nFmrJNyy2tJrsdIAmeeAFSeuRf803lmb8wWc3g4fVpk41S-WKOXK41DawkAlP9gYk5YM87yVRXwgX7f0AW5MuRHnYSw3xyYltzS5Iz9M7YL8p5Fm3xhz94kN8Gm3Un1uJBguRmNDBHl_Ez-AlNta9sKZN59YP3i7eH9qfnkt0e77F9UxQido-Wk=&p=1&fvj=1&vjs=3,"PHP 30,000 - PHP 50,000 a month",middle_level,40000.0,False
297, Food and Beverage Manager,Golden Pyramid Management Solutions Inc.,Makati,"Hire, train and manage, supervise, develop, discipline and counsel all food and beverage management team members according to company policies and procedures.","https://ph.indeed.com/company/GOLDEN-PYRAMID-SKILLS-DEVELOPMENT-AND-MANPOWER-RESOURCES,-INC./jobs/Food-Beverage-Manager-e3252ef49e92eb10?fccid=7d4f76893d11c2e1&vjs=3","PHP 25,000 - PHP 50,000 a month",middle_level,45000.0,False
300, Warehouse and Logistics Manager,C&L Decor,Quezon City,"Overall in charge of warehouse and logistics team.Responsible for timely and correct delivery, set up and pull out of rental items.",https://ph.indeed.com/pagead/clk?mo=r&ad=-6NYlbfkN0DDqS8H06XiaTtf1G2AYbRf-cCYmmJwCwxas9fpgnlOsIbHVonB7kF8naSN_YaKIg2lFYCivAmp-nFfa2kcajIqEZlQt-xFpwnEtUyN4ItYzWLo2lNWSDlSWctvpWyY3Z_0Eg1FFXTYVeg6788TnmJFSBVHZS2hQ1Cnk_ECfjDCPpfgnF_EQi3tqiQlJcjeRZEIVN83DbP73_zXAuzHDAhRJPUFzAYReWSRpdQxsO63CgymcusTGsq70RqkNUfhSflV0pqEByA4rJyX3J3vl1XFGcjW7rHPGi7RKA8ttvlKfOxNWXExeLOQFTmC26dtgr3xXAvYAclMjNANZ3WFzCBFhTWfbmnKKYBW-k_lD-iAOnjtJOhfspiFIpuwsmb-k_A7ZqnSsIlSOZ2eESvezUk3Yz36i1owhZ93UBeqFyCG6cDy7cqTX0OOsURQjdE8CjMP7vrFtzQeJUHHn3idv0tQJIE_hfKIytY=&p=0&fvj=1&vjs=3,"PHP 30,000 - PHP 50,000 a month",middle_level,30000.0,False
301,Warehouse Manager,Styleright Global Corp,Quezon City,"Manages the Styleright Global warehouse including the oversight of the following major areas: Inventory, Fulfilment, Delivery, Returns and Repairs.",https://ph.indeed.com/pagead/clk?mo=r&ad=-6NYlbfkN0BfV3sViy7UxIQ9fiC1DpSpN_464hoahgMH33x8XuuRcVkHi9eA6qqVpMSmfXqKsTBNUlZZTvQrN3tGBCLoyumm8ai7cw250uCwMIMv3nR2qkECWhczuzoomxU-TshyuInIzxPo52diFMa0udzM5vlu_3k2nEo_H9TgfGqXEqTvOjvRmEX1Cwq7njI92FjEJfg0CPP8dP7QoWgV9H-y2ONpioU3s-OpWFzhTKhNKesKhHNOPsQvKJvUgxIGeJAS0ho3R_UWQyCfbL7HPV2LNqdKBUXQfBWA1nVtJH4f4r8nIpZifnTwbtUZoCrvNa-odC3JMRuS-3Fgjmm1JmWVOt-3O9KanFVBkEm9x3Km9bnqxH0uw4zWOOT-gGOBeBg7CNl_-XaULWNtiHzwtWLv5b851_m4TWLsPMDUhO6WH4eZ-JokdvKlQK-j4AszshlC_X5rinSEybrljlwsoCWEPGwR&p=1&fvj=1&vjs=3,"PHP 30,000 - PHP 40,000 a month",middle_level,55000.0,False
310, OPERATIONS MANAGER,Kings Group of Companies,Makati,"Shall oversee day to day operations of people (admin staff, sales agent) assigned in different locations.With very high problem solving skills.",https://ph.indeed.com/company/ZC-KINGS-MANPOWER-AND-JANITORIAL-SERVICES/jobs/Operation-Manager-226e760663ee60f8?fccid=e5f00a47d48ee91d&vjs=3,"PHP 50,000 - PHP 55,000 a month",middle_level,35000.0,False
333,Operations Manager,Vrio-Fintech,Remote,Vrio-Fintech *is a payment processing company focusing on cutting-edge technology to automate banking and digital wallet payments for clients across the Globe.,https://ph.indeed.com/pagead/clk?mo=r&ad=-6NYlbfkN0CaE4UUR_EVQ77SkiASFVMKUx_i2X5txYnscV13_I0a8SHsBseSSIFi-o-Jf1ziFQQiIpkJJHJo8WrxKI5Wk0qtN0UmIOYJYiAlioDJrTEBlXal4lnQd-aqEw4aTbV1rSb-fZ6QWXc-FdT0eOl1nWnDKD6-innFr2JN29kbkJ8zdxpxegMz_g7kHyEA-RXNsem-QxWKcqNID_RCEUF-oSiZE5CWqv5HGsJs0Ml175f7UaKJJaRCrBRvL6Tnwuuk6l-G1vJwdfVHp2Wp8emhrOCz-u9NQQMLvRJ5jGYmEal0BNOq6_PfJVsoTrx4Qlx8wAJ3Qh-uONTRS6M1Xph5ILNu3BhbeJ2zd8ajv7EgVegEKT4cdOFOTlbXsxLl3fiEPYWZPLabuGoht4vshyoINJBZ3FC25LWO4BNPZqRarbF-ZJMWTndCxSHaxK2pqypjhz2xBUV7r1op6YfhD4Wsnf35JPXT44pLCos=&p=3&fvj=1&vjs=3,"PHP 50,000 - PHP 60,000 a month",middle_level,35000.0,False
345,Operations Manager,Vrio-Fintech,Remote,Vrio-Fintech *is a payment processing company focusing on cutting-edge technology to automate banking and digital wallet payments for clients across the Globe.,https://ph.indeed.com/pagead/clk?mo=r&ad=-6NYlbfkN0CaE4UUR_EVQ77SkiASFVMKUx_i2X5txYnscV13_I0a8SHsBseSSIFi-o-Jf1ziFQQiIpkJJHJo8WrxKI5Wk0qtN0UmIOYJYiAlioDJrTEBlXal4lnQd-aqEw4aTbV1rSb-fZ6QWXc-FdT0eOl1nWnDKD6-innFr2JN29kbkJ8zdxpxegMz_g7kd2g5cCvG3BWVqEZLY6xI40c3loNCf9Rpzm71zetDCkSV2VDfH7R76HCuSxkg1d2GyWAwpoPBwis1bE6Orpj3ZcdknAhzMW0lYPa8-EWhK2kv7rbZKTH5Agpw4c9w0O11478jVZAxPsfxFBVea4Kf0iBpLc3_OP3ndDbt698DE3oQH54EwH8s5hUYAH-u_iTcuAg-8506e2L2mYQzYzunEHZ20QSLZPvlAMN3kTlyLL6g4l7vDOoFt0TIi8lG3iEE99EpC65N9B9r30qNNtI0MUC04p1x-yMW0yL4PY9enf0=&p=0&fvj=1&vjs=3,"PHP 50,000 - PHP 60,000 a month",middle_level,35000.0,False
346, Warehouse and Logistics Manager,C&L Decor,Quezon City,"Overall in charge of warehouse and logistics team.Responsible for timely and correct delivery, set up and pull out of rental items.",https://ph.indeed.com/pagead/clk?mo=r&ad=-6NYlbfkN0DDqS8H06XiaTtf1G2AYbRf-cCYmmJwCwxas9fpgnlOsIbHVonB7kF8naSN_YaKIg2lFYCivAmp-nFfa2kcajIqEZlQt-xFpwnEtUyN4ItYzWLo2lNWSDlSWctvpWyY3Z_0Eg1FFXTYVeg6788TnmJFSBVHZS2hQ1Cnk_ECfjDCPpfgnF_EQi3tiAwx1GotNuXg3ALDpSfjUN695xa2E2yRcFSDqJjNdOupExot0J_IQQWp0gZ5Gj-1MtZZvXLejEE91xJTgw0viBER8MRFYmzpeEt9D0T0Qn5s6_6CDn4wI9a5Vw4IPzrPdd-SsrKR7mn9Naq63alaOTMgh_B0MPBAaHpXV1zb4ZgZrscRie8DLUIWGVan8A8GvmRxI1GZoX2FYXbAgQhs7arIeaI_AvAzgkYP2vCo3dVXi3PuWdMpmC0-nxf62z6JlVUeOWlZd5PNa0XWzVYRhYA4SMHKBe84SU9pIQz1_0I=&p=1&fvj=1&vjs=3,"PHP 30,000 - PHP 50,000 a month",middle_level,55000.0,False
381,Business Development Manager,JINGDONG(JD.COM),Manila,"JD Philippines is currently looking for a Business Development Executive, based in Manila The candidate shall report to the Country Manager.",https://ph.indeed.com/pagead/clk?mo=r&ad=-6NYlbfkN0DDFKSVTu9K_6qBe-cYT6XrY5URGvXL_-ts1AqW9NR5ZK4eeQmI36m9HoCf4Zj-In6lP4-qRbUpkh930rVbDvCUyYDmHxaOPKMfk8OmeVH1X7Yoq1o7J8x8BLGWaYQThYffM9im6_VoiowmwCnToxAGTznMlbhMaQG6G6ep8TvTyHPFSO_X7JEjoR2cKm4gFbUsnYGZOobmf7ZDQ2IIW2u8M6w1F4abirHn0QpxGl3ArV0yCcXlnExrjjYkZDJhKvIABCXs5tq9KFDUbs2GmRIXVy5fcS0-OoRqq1IDprBpcTxcbB_ColI-G-Ew_K6rpE79CZAggAVjoEGB9eK15oauf1V9NvPnX2lc3jYdwV7PKa-tSyuY85fCfzqRrIiWcyhFmQpm6U5NwrgHUcc64nUcVyCqYcpZqS7DuKeGUsCjdVuAX6TXATOz5CuK1WF1Jknj1LtsZTM2_1OOx8CDj834I-m1Oav5Oa0=&p=6&fvj=1&vjs=3,"PHP 90,000 a month",middle_level,55000.0,False
406,Warehouse Manager,Styleright Global Corp,Quezon City,"Manages the Styleright Global warehouse including the oversight of the following major areas: Inventory, Fulfilment, Delivery, Returns and Repairs.",https://ph.indeed.com/pagead/clk?mo=r&ad=-6NYlbfkN0BfV3sViy7UxIQ9fiC1DpSpN_464hoahgMH33x8XuuRcVkHi9eA6qqVpMSmfXqKsTBNUlZZTvQrN3tGBCLoyumm8ai7cw250uCwMIMv3nR2qkECWhczuzoomxU-TshyuInIzxPo52diFMa0udzM5vlu_3k2nEo_H9TgfGqXEqTvOjvRmEX1Cwq790nOATyuO9BwSe8NY2ywuiup4hzVScLL4koER_W09rmnMZfOWTzLNy1Q4uUwNjoCAU-0Oj1KEEKhNRpllyjcNsLfDam2KUnl4VfTg-a0j-YR3gAX80MSsUXJmL5krC0x0qNaoVVZTI7iLehR887Mv1J7gNas5TD54vgb7PyCO2Lkrp-QQQycRrzz3NOY6uIEfCxgZOAggmYbancGd3-7H9NL81wqGXXEZE-XYy7xTwPTY-qFN6baxBV-a6tbPswP0M0w6WpJY_fYwzn4VWXpSf6mTFW63It1&p=1&fvj=1&vjs=3,"PHP 30,000 - PHP 40,000 a month",middle_level,55000.0,False
407,Operations Manager,Vrio-Fintech,Remote,Vrio-Fintech *is a payment processing company focusing on cutting-edge technology to automate banking and digital wallet payments for clients across the Globe.,https://ph.indeed.com/pagead/clk?mo=r&ad=-6NYlbfkN0CaE4UUR_EVQ77SkiASFVMKUx_i2X5txYnscV13_I0a8SHsBseSSIFi-o-Jf1ziFQQiIpkJJHJo8WrxKI5Wk0qtN0UmIOYJYiAlioDJrTEBlXal4lnQd-aqEw4aTbV1rSb-fZ6QWXc-FdT0eOl1nWnDKD6-innFr2JN29kbkJ8zdxpxegMz_g7kgHcZ1K66O2KSmlYuCuNvymwhH41Tpp4A_q0I5bq7vXpMc_qUoY0JHINUkf7hJzAvWGmmQmaC6U3WmHEGzJz1BtL0EjTDBe169pTn37iCOyGjD3LqiEdxv6U3dsBgzjp8VZdO0IaZwpQWXxQhMF7RBjRMavQLBlORl6SmvUTeZ6kyzaejE42QiCFhuuooe5CwDH-rV-X9BaHJ7W1ye1H9C_ZzxlV6no28tJwlXMM62dl9aCGQ0fzgvBUeoFgni8NjkiRnmvtGwSZ0Pam1aJgfX3p_2_Nzt-P-jiln4lvEExs=&p=2&fvj=1&vjs=3,"PHP 50,000 - PHP 60,000 a month",middle_level,40000.0,False
419, Area Sales Manager for Metro Manila,"Gandang Kalikasan, Inc. (Human Nature)",Remote,"Responsible for managing an assigned portfolio of branches within the specific area of Metro Manila, with the objective of achieving Field Plan targets (such as…","https://ph.indeed.com/company/Gandang-Kalikasan,-Inc.-(Human-Nature)/jobs/Area-Sales-Manager-Metro-Manila-2e6c5bc3b104d6de?fccid=9045ecc1e392ae5f&vjs=3","PHP 45,000 a month",middle_level,40000.0,False
466,Operations Manager,Vrio-Fintech,Remote,Vrio-Fintech *is a payment processing company focusing on cutting-edge technology to automate banking and digital wallet payments for clients across the Globe.,https://ph.indeed.com/pagead/clk?mo=r&ad=-6NYlbfkN0CaE4UUR_EVQ77SkiASFVMKUx_i2X5txYnscV13_I0a8SHsBseSSIFi-o-Jf1ziFQQiIpkJJHJo8WrxKI5Wk0qtN0UmIOYJYiAlioDJrTEBlXal4lnQd-aqEw4aTbV1rSb-fZ6QWXc-FdT0eOl1nWnDKD6-innFr2JN29kbkJ8zdxpxegMz_g7kkywPg5AVQ_CfV0frltStUINPP1UZPPdIOUech_tygVzXARMicfsip_MZYg6RUvbHO8deWHoFZmzQ7RyXhcIdMcSUER-wdr340bS9CHjanjk_h1hYECqa7Gxy618P9PCnM1tO6D1p5EKblN1T-oWPWkK_DuRqcr8AzatTJquH6zy4zthp1lsOnbhcFrl3ntX96HGRZSt5OPLo4qrTj1sElghhNu6E7h07TQuOP9sqT4pGpikIMxS1UaI8H4ynu4cYRzTFD1j8UYBlbXWw-hXocQts_TvI9ku8Y3nuQLwS1Pg=&p=1&fvj=1&vjs=3,"PHP 50,000 - PHP 60,000 a month",middle_level,40000.0,False
467, Warehouse and Logistics Manager,C&L Decor,Quezon City,"Overall in charge of warehouse and logistics team.Responsible for timely and correct delivery, set up and pull out of rental items.",https://ph.indeed.com/pagead/clk?mo=r&ad=-6NYlbfkN0DDqS8H06XiaTtf1G2AYbRf-cCYmmJwCwxas9fpgnlOsIbHVonB7kF8naSN_YaKIg2lFYCivAmp-nFfa2kcajIqEZlQt-xFpwnEtUyN4ItYzWLo2lNWSDlSWctvpWyY3Z_0Eg1FFXTYVeg6788TnmJFSBVHZS2hQ1Cnk_ECfjDCPpfgnF_EQi3tipZ2CK7GJyfhiOTo51BJmU3W2pfcfhArd3JSxZgil0_RgdoFHsGu2H37ms_HtVEMV8jrWftFSClxMNPD0fL2tRghbHHGLpWaMjBAbtF4GWmoTrk2RZpEorSf76euoPhlZcSX-9TnaOE4r7KoCALBL-njKCzn_uo3CkOrYrFI5CEvsB1RQtpg7hQBP6evf-gwpyGe51i4IfeReRKBX_vlGfrgnXzeL6noLiaD4M8N7qGN_T47F9fho5JcceUsNdVqi6QpoebQ3D9azd4l7YB5Yz5tLQuF94oQOQVvdXbJmqs=&p=2&fvj=1&vjs=3,"PHP 30,000 - PHP 50,000 a month",middle_level,35000.0,False
468, Operations Manager,Making Fine Beverages Corporation - TIGER SUGAR PH,Quezon City,"Responsible for the operations of the company by providing operational leadership, with a goal of achieving 100% customer satisfaction while ensuring…",https://ph.indeed.com/company/Gastroprime-Holdings-(Tiger-Sugar--PH)/jobs/Operation-Manager-cad63fb69680415e?fccid=d7a8729ef11ca065&vjs=3,"PHP 45,000 - PHP 50,000 a month",middle_level,54817.5,False
469,Assistant Restaurant Manager,Happyfoods Group of Restaurants,Manila,"Candidate must possess at least Bachelor's/College Degree in Hotel & Restaurant Management, Tourism, Business Studies/Administration/Management, Food & Beverage…",https://ph.indeed.com/pagead/clk?mo=r&ad=-6NYlbfkN0CtUjbthcZxg60AMrAtPJ9ucT455WeVisfWwHj3wlcAtzptAbnU_cby0V3Xm2l31e1hCQdFAvXoMTe3F5OoldbZveJqrbeZBhHyIVmmY4k9MXqdCf0Ho16xl3E_iQaycueIE8z5mtvw2OSWLQT5fz5XOCiTgyiwX3OFmv-TBtobq80k4gc2iPg24DDXwq-y1WYlKdMmQrkvG_9MW5JljehxZzZ8HtuiYRfeS_1ySIiz5qTH-kxKy8RUNWiFVu5vUUjiEwH5PkoNFDcktLOqlIaM3okL_tvQCYmTxYA1jbNnm3fmvT4V1bxNSZpOEwElmW45xqsrdKi6VUgmHbyfQMzmVwZ0NnBAEP0IB6uGsrHdP5de5OH4fg811SC4P2hE7-ZPn4HQb-vMihp8wC7q6TA91VC7IdoKxcQLSfNvgUunp-gUgLenf4Rsctv9fV3tiRkZgEgp141mHVmN07SQpQfmivaizPipYgU=&p=4&fvj=1&vjs=3,"PHP 29,000 - PHP 31,000 a month",junior_level,55000.0,False
526, Warehouse and Logistics Manager,C&L Decor,Quezon City,"Overall in charge of warehouse and logistics team.Responsible for timely and correct delivery, set up and pull out of rental items.",https://ph.indeed.com/pagead/clk?mo=r&ad=-6NYlbfkN0DDqS8H06XiaTtf1G2AYbRf-cCYmmJwCwxas9fpgnlOsIbHVonB7kF8naSN_YaKIg2lFYCivAmp-nFfa2kcajIqEZlQt-xFpwnEtUyN4ItYzWLo2lNWSDlSWctvpWyY3Z_0Eg1FFXTYVeg6788TnmJFSBVHZS2hQ1Cnk_ECfjDCPpfgnF_EQi3tAyQKcZRktf236QWDBA8NVp0013we0AL1e3vaO7RTNvcc1blJFaKQ-aECGdDGSJBC2ssK1G_eCk4h1lsms7-a4ntW7oh7MmJRCEHxy7vTvbsTkbe0EbhjgTEgbFpUxAKiHB1ZMnnbwzCoCi1myEWxXloHM_MI8TG3s_rxqSuCqGfgr95wfZ79i-4IDcuY8thxKklWW4TN8AV9EAFS349nKmHPVzitB5P5MvyciJ6qnhRE5jYnllD5oL8fKU3yzDAP3IuwqvB0kbPbEZKLX5BR5kCUoPEEuyCpko4zxAe1Z8Y=&p=1&fvj=1&vjs=3,"PHP 30,000 - PHP 50,000 a month",middle_level,55000.0,False
527, Operations Manager,Making Fine Beverages Corporation - TIGER SUGAR PH,Quezon City,"Responsible for the operations of the company by providing operational leadership, with a goal of achieving 100% customer satisfaction while ensuring…",https://ph.indeed.com/company/Gastroprime-Holdings-(Tiger-Sugar--PH)/jobs/Operation-Manager-cad63fb69680415e?fccid=d7a8729ef11ca065&vjs=3,"PHP 45,000 - PHP 50,000 a month",middle_level,47500.0,False
564, SHIFT MANAGER (KENNY ROGERS ROASTERS MATALINO QUEZON CITY),Kenny Rogers Roasters,Quezon City,"Ensure that proper shift endorsement is accomplished at all times for each incoming shift manager Implements the following shift activities/reports, depending…",https://ph.indeed.com/company/Kenny-Rogers-Roasters/jobs/Shift-Manager-4b2d1dec64f345ef?fccid=cf58b7f49cb347ad&vjs=3,"PHP 17,000 - PHP 18,000 a month",middle_level,45000.0,False
565, Restaurant Manager,Bornga Korean Restaurant,Makati,To follow company instructions and policy and maintain the good standard of quality of service and products;To be a good example to his/her subordinates;,https://ph.indeed.com/company/Bornga-Korean-Restaurant/jobs/Restaurant-Manager-ae7fa6ceeb3279dc?fccid=b13316596ca9feb2&vjs=3,"PHP 20,000 - PHP 35,000 a month",middle_level,45000.0,False
573,Area Manager (Food and Beverages),Making Fine Beverages Corporation - TIGER SUGAR PH,Manila,Oversee and direct operations at several locations within your assigned area.Ensure all handled stores are compliant with company guidelines and protocols.,https://ph.indeed.com/company/Gastroprime-Holdings-(Tiger-Sugar--PH)/jobs/Area-Manager-faa1d09beb30176c?fccid=d7a8729ef11ca065&vjs=3,"PHP 24,000 - PHP 28,000 a month",middle_level,35000.0,False
574,Restaurant Manager,Landers Central,Alabang,"Monitors and analyzes sales and performance report.Responsible in achieving target sales and profitability of the restaurant.Job Types: Full-time, Permanent.",https://ph.indeed.com/company/Seafood-City/jobs/Restaurant-Manager-bc94ba58f93361c1?fccid=0780ae8b7adf26f3&vjs=3,"PHP 30,000 - PHP 35,000 a month",middle_level,54817.5,False
585, Warehouse and Logistics Manager,C&L Decor,Quezon City,"Overall in charge of warehouse and logistics team.Responsible for timely and correct delivery, set up and pull out of rental items.",https://ph.indeed.com/pagead/clk?mo=r&ad=-6NYlbfkN0DDqS8H06XiaTtf1G2AYbRf-cCYmmJwCwxas9fpgnlOsIbHVonB7kF8naSN_YaKIg2lFYCivAmp-nFfa2kcajIqEZlQt-xFpwnEtUyN4ItYzWLo2lNWSDlSWctvpWyY3Z_0Eg1FFXTYVeg6788TnmJFSBVHZS2hQ1Cnk_ECfjDCPpfgnF_EQi3tECxIGrzC_TEL1VEaRl6iVVlQksZZ49pNJ4p2MvFGazJtSSNlrdUT0wkKX_esd4Cl-S-PpHoQRmpXU9GvOTHDKFC9ohFeB07X6P6RO6dAoarCpbxEVYO_5nLoaAkKdfIGKGbSntDfZIYFPOzz0cFDw_asvzVZyCMPTR5tQWENSxCk1GcpenCIOk9lq9nBj01pFuYKNCXTdLCgcN7bSgRss9o6jxp27d-_FBYHbqvXhUKMh6euuN17D1IjO4amYIr_bUFgQYxt1la_dbAC6fTxBYTYDlxrE4T_5NylT0aZEp0=&p=0&fvj=1&vjs=3,"PHP 30,000 - PHP 50,000 a month",middle_level,54817.5,False
586,Warehouse Manager,Styleright Global Corp,Quezon City,"Manages the Styleright Global warehouse including the oversight of the following major areas: Inventory, Fulfilment, Delivery, Returns and Repairs.",https://ph.indeed.com/pagead/clk?mo=r&ad=-6NYlbfkN0BfV3sViy7UxIQ9fiC1DpSpN_464hoahgMH33x8XuuRcVkHi9eA6qqVpMSmfXqKsTBNUlZZTvQrN3tGBCLoyumm8ai7cw250uCwMIMv3nR2qkECWhczuzoomxU-TshyuInIzxPo52diFMa0udzM5vlu_3k2nEo_H9TgfGqXEqTvOjvRmEX1Cwq7qviXtSIi4hUWrezNzFZBra7liGtTlK9evcVAnP-rUbaZjNZrgId3VsexXqxWDst9yaLFTnwPztzqA7ydYc6mtcCUHhMXvAOMkVINwt6IJYD6fxrAdOVH9jnbckNAT6zi6X-oVQYoG-Iz9fCHOKgP66S8vGNRqGxMjrf_DS4LUzd3KfWOCDe5zWlEXobhHZ3nKSGsy6Dcq7Ou9mMWha8nGDCpw4LmG5h8FpwNxxIVhuunHueE9NRrJWe0L1UaqdYCJZwaPF0A7YZfT00hWwFC9dOMOyr7BM1N&p=1&fvj=1&vjs=3,"PHP 30,000 - PHP 40,000 a month",middle_level,55000.0,False
587, Business Development Manager,Counto,Remote,Lead generation: Develop and grow the pipeline of small business owners who might be interested in Counto's services.Event management skills are an added plus.,https://ph.indeed.com/pagead/clk?mo=r&ad=-6NYlbfkN0CGoa8kOvm4cdVn3yVUHbyOXTpbu9vYfEQ_yhF8woKjCEAqGvvbKDaEfiA9OANXLrI2EcnMoITOVIpsxRGW8qiMl1gm1SzWgUuE1oHQtrAgKyFexJlwjyBEa66QCIrGDlL8stN_4cGd34RgW86ybCTst5u2RjgdJTQ1nKz5_vSxgaeahlEyri8ezcQWn56mPgzU2GL3VMS226Lab8gMkk5SzIdwQ-PMJTrq9UuaDP-VILdrHB_-FoXRru8KjzAY2kHAC8WGZ1s8Y-sW3cXrgB1e-ytNjv-a4lpR5gA64aYGWg7aeyGvr4GHqHw2eXLnyg7uz7vy4pMeBX-YcD2-4HTpeBNJkZ507M6RduFgbdyAmF8kPIzgUnUm9a5bbIs_DP1owhtrtxzfR0a0w2lurvyHZ8O8A0s3W_k3gP6Hw3I9kcwwm6_fHarSkz5P-0-JszjO1Fdbld2g3xiqsusvIlDNr1dow0KWBo0=&p=2&fvj=1&vjs=3,"PHP 25,836 - PHP 83,799 a month",senior_level,70000.0,False
588,Operations Manager,Vrio-Fintech,Remote,Vrio-Fintech *is a payment processing company focusing on cutting-edge technology to automate banking and digital wallet payments for clients across the Globe.,https://ph.indeed.com/pagead/clk?mo=r&ad=-6NYlbfkN0CaE4UUR_EVQ77SkiASFVMKUx_i2X5txYnscV13_I0a8SHsBseSSIFi-o-Jf1ziFQQiIpkJJHJo8WrxKI5Wk0qtN0UmIOYJYiAlioDJrTEBlXal4lnQd-aqEw4aTbV1rSb-fZ6QWXc-FdT0eOl1nWnDKD6-innFr2JN29kbkJ8zdxpxegMz_g7kaaSl1XeN2B_qTG2ViY1NC9jDbRVXpKt6GNON_DuklIKRgbJ_PoH7F_xKsYEIlxL7RYPbjvu2ip0x3D_gqb6LNFhQy5jSqttNn1AaCBrB1uSNLPRLFMcqMX_8Uitteukul39bn6heAzsUlp6zDfHe-b-UlB2s2kVAyR7y-7qBjTy3HO3-RQ4mnpbyS2XCKACwnb3OpyUOafIk4E-ADbG8pmzCBZmm-Pc6lTTV2QTWDF0Ew9eJySIszLJLOnvdh_p3_kgZakm1mcpnPragMYuSapAeCI0E-90rXzdf3Tj2gO8=&p=3&fvj=1&vjs=3,"PHP 50,000 - PHP 60,000 a month",middle_level,45000.0,False
619, Marketing Manager (Full Time) Work From Home,DrinkFit,Remote,"Will oversee inbound and Outbound Marketing campaigns of the company.Can analyze data gathered from specific resources, turn into graphs and present them to…",https://ph.indeed.com/pagead/clk?mo=r&ad=-6NYlbfkN0CzD41_wa0pJQ2EMc362fWKHNxn0qBF-KVwfu_dRalt96OHqgH_bWsYKLkr3nLCnEuEJME5v7SMoSN9XzxN3ECB9_vEh6EHuLUAESJ0up8baAbBPyBl_pOsUL6wyyi3FDO4SlTE_pxkLpy_P00SVR7ks9m79kUrH7_UjyQ95jYmzTh9pp1m3RNECEqhc0_MzSyKAOjPeTzMRXwZMfzYmd4kzbayFAq61gjmlh-qmY3QnG-_V57xLWsR5XB_rQXcSGch00-VOYBpU6m_mbUuHspAMN1x4xpdQP3D8DmDX8CZ7NGfNpFo_e9uZ5Rp5ydpnO8snihd2A9dVVVBf-pFv_q4LOYJekoag4_rIeQQLD0CINYZufQDRGXWq4Jo5KGF0NmW-IaRwBTsfqDCVh7ZL-qm5b_jJAiiiq5fxspBAIpm5u-S8HLkaUBneCEjLFULS_K1zK7KmflqZ_RdYn61BVWlo1UA1iS3vN5zErrrDEEgwtGM_pt7A-pU&p=4&fvj=1&vjs=3,"PHP 50,000 - PHP 60,000 a month",middle_level,40000.0,False
631, Warehouse and Logistics Manager,C&L Decor,Quezon City,"Overall in charge of warehouse and logistics team.Responsible for timely and correct delivery, set up and pull out of rental items.",https://ph.indeed.com/pagead/clk?mo=r&ad=-6NYlbfkN0DDqS8H06XiaTtf1G2AYbRf-cCYmmJwCwxas9fpgnlOsIbHVonB7kF8naSN_YaKIg2lFYCivAmp-nFfa2kcajIqEZlQt-xFpwnEtUyN4ItYzWLo2lNWSDlSWctvpWyY3Z_0Eg1FFXTYVeg6788TnmJFSBVHZS2hQ1Cnk_ECfjDCPpfgnF_EQi3tT4XCZDYwyxEqvjnNSQBr0bu7fXmyK3a2C434C5gcrIHk0C1nN6afVEN25aXJEFmfYCmShYNSiyNDV9keHotA7cv9wFDeE01VSz1mZ5i1bcjqUZqtOeKfjNzKOXgzgAhazuvEiXhBuJMH_XrofHo38t8N_KLpJnZy-j8QsEGDw84pK-pKbIjO2l332VGyBdVH9hna2IkaUCHvcPszoHe2S_W6vAGI6W0wxeSdYbvkEgXM9Ug2pOibTGzlvYgAWPeX5l7a1Vhb9I-47f_ZgLZc45FJm5QkuPSu3dYWGmbTQT0=&p=1&fvj=1&vjs=3,"PHP 30,000 - PHP 50,000 a month",middle_level,40000.0,False
645,Operations Manager,Vrio-Fintech,Remote,Vrio-Fintech *is a payment processing company focusing on cutting-edge technology to automate banking and digital wallet payments for clients across the Globe.,https://ph.indeed.com/pagead/clk?mo=r&ad=-6NYlbfkN0CaE4UUR_EVQ77SkiASFVMKUx_i2X5txYnscV13_I0a8SHsBseSSIFi-o-Jf1ziFQQiIpkJJHJo8WrxKI5Wk0qtN0UmIOYJYiAlioDJrTEBlXal4lnQd-aqEw4aTbV1rSb-fZ6QWXc-FdT0eOl1nWnDKD6-innFr2JN29kbkJ8zdxpxegMz_g7kCVoX281qoQ0wzIqPyhfuETpVjeCwMTOLTFzw6VRX3wMjQJI4iUwxiWVreZpAo-dLEAmd41rf0NI2a6eq_OL9awGXWibTPtS6g3o284W9gbjk4RFP0HFe759AmL1kWl_m7Y4yTYuIDprYuhVIPD-sBFOuvGkgVsRl3-Efz0zqzlSawGWbHz68IigpAWneKlFLXjTC-bHem-eYJUBqL8AtJhsrJNDuWdOf3-TLUv3phwV9wHmROv1xb0GIt_z-kYShJ6uzXpvXlD3XD-fBTYu3uB9yOPHWXlRP41Am5ScxmQU=&p=0&fvj=1&vjs=3,"PHP 50,000 - PHP 60,000 a month",middle_level,54817.5,False
646, Warehouse and Logistics Manager,C&L Decor,Quezon City,"Overall in charge of warehouse and logistics team.Responsible for timely and correct delivery, set up and pull out of rental items.",https://ph.indeed.com/pagead/clk?mo=r&ad=-6NYlbfkN0DDqS8H06XiaTtf1G2AYbRf-cCYmmJwCwxas9fpgnlOsIbHVonB7kF8naSN_YaKIg2lFYCivAmp-nFfa2kcajIqEZlQt-xFpwnEtUyN4ItYzWLo2lNWSDlSWctvpWyY3Z_0Eg1FFXTYVeg6788TnmJFSBVHZS2hQ1Cnk_ECfjDCPpfgnF_EQi3tFjhpAyz-Ezx4HLjwNjBEsDEQ0IHCR78LFCeFRfi7xGscmxIcDPXTeUAu9nZfhql-_BGcpAOm-IxCDMrLHcuE8VJznF1U6bWx7FRan9VqEb2qKO0uuVqw2llSg_XVTweuhQNnkfNXzUR778vgt9ai8nmDeOJvW4sl5KzlYIflmS3KX-sIxEiloJWNazjHJ5aaEShC7pd_y2sAGheuHhTjoBnRaxWqGshBUsmxvqXQJo8QiXupxsPuYBP1P9u1AAq9D1c1e-WVMLPByzyTHKKTELL3EYBoa2M5tzQe_0Gvfjc=&p=1&fvj=1&vjs=3,"PHP 30,000 - PHP 50,000 a month",middle_level,55000.0,False
669,Assistant Restaurant Manager,Popeyes Philippines,Quezon City,The Assistant Restaurant Manager assist in all managing aspects of a restaurant's operation in order to ensure that Popeyes Louisiana Kitchen Philippines Inc.…,https://ph.indeed.com/company/Popeyes-Philippines/jobs/Assistant-Restaurant-Manager-c90487cd156512a8?fccid=4da358b339819494&vjs=3,"PHP 25,000 - PHP 28,000 a month",junior_level,54817.5,False
681, OPERATIONS MANAGER (Food & Bev Industry),Career Purveyors Co.,Alabang,"Day-to-day management of the restaurant operations, including administrative oversight of the brewery, commissary and logistic operations.",https://ph.indeed.com/company/Career-Purveyors-Co./jobs/Operation-Manager-6dba3f4425581e90?fccid=b7032157fd4e9a05&vjs=3,"PHP 25,000 - PHP 35,000 a month",middle_level,30000.0,False
692,Operations Manager,Vrio-Fintech,Remote,Vrio-Fintech *is a payment processing company focusing on cutting-edge technology to automate banking and digital wallet payments for clients across the Globe.,https://ph.indeed.com/pagead/clk?mo=r&ad=-6NYlbfkN0CaE4UUR_EVQ77SkiASFVMKUx_i2X5txYnscV13_I0a8SHsBseSSIFi-o-Jf1ziFQQiIpkJJHJo8WrxKI5Wk0qtN0UmIOYJYiAlioDJrTEBlXal4lnQd-aqEw4aTbV1rSb-fZ6QWXc-FdT0eOl1nWnDKD6-innFr2JN29kbkJ8zdxpxegMz_g7kFOn7NUMPQBlH-ICkSE4CX3w6yomlm6-UAj5mzQzckp_yF6nHelpXsyJ3DKcVN06WcaolL2sgMZA2PbmhLKL83GSrgkKSV1XdrDfwRfeFkTuNXVGAX52_ZX2COSmxCTqCRRsKy1aOTXd-pONfTYdjrn8GEUUMj-D_O4iu3OunD3mdqTXvEsj4xMke_ugtNf8-OHdLDpsrUvNUIDz9MTBWvHMcQoBxGnwKvUOpabR2UJSQuQsbzh6LDk37N4LPro88LmcDE9RHoCfXzVgD6Ivfq2DxBrcF6l7TXHYPWsgTxj8=&p=2&fvj=1&vjs=3,"PHP 50,000 - PHP 60,000 a month",middle_level,40000.0,False
693, Business Development Manager,Counto,Remote,Lead generation: Develop and grow the pipeline of small business owners who might be interested in Counto's services.Event management skills are an added plus.,https://ph.indeed.com/pagead/clk?mo=r&ad=-6NYlbfkN0CGoa8kOvm4cdVn3yVUHbyOXTpbu9vYfEQ_yhF8woKjCEAqGvvbKDaEfiA9OANXLrI2EcnMoITOVIpsxRGW8qiMl1gm1SzWgUuE1oHQtrAgKyFexJlwjyBEa66QCIrGDlL8stN_4cGd34RgW86ybCTst5u2RjgdJTQ1nKz5_vSxgaeahlEyri8eZ1p9x1ngAixxe-Ma0-rsrLv4CmyL2-QRd4x1UwST6Hb9UYD7fyUUqqvtKxT8bHsDGhWft2-kYboMzy-hPAINA_6cCqiXtbQQxPvQaWGxai3bnrHoB0Uobg8QUu5WWq1CGxiV0t43j1xLHEO7rgalY1FIQtSeyXfrQpcg-LlDCIfa7Q4uotW0_q3dKeCJCmD4TzWPP_ELZLZ7_A4QNc9wKDL7GfWLJvDRUYroVJCZisjofuc0f-sgCWFGgmTONF63K4rCnkQ5F9X2gchKo2Y0eSojxMzxsrIUKhF8tPCq25s=&p=3&fvj=1&vjs=3,"PHP 25,836 - PHP 83,799 a month",senior_level,35000.0,False
696,,,,,,,,70000.0,False
697,Area Manager,Making Fine Beverages Corp (Tiger Sugar-PH),Makati,Oversee and direct operations at several locations within your assigned area.Ensure all handled stores are complaint with company guidelines and protocols.,https://ph.indeed.com/company/Gastroprime-Holdings-(Tiger-Sugar--PH)/jobs/Area-Manager-c4f19a09a0e9a4ed?fccid=d7a8729ef11ca065&vjs=3,"PHP 24,000 a month",middle_level,45000.0,False
738,Operations Manager,Vrio-Fintech,Remote,Vrio-Fintech *is a payment processing company focusing on cutting-edge technology to automate banking and digital wallet payments for clients across the Globe.,https://ph.indeed.com/pagead/clk?mo=r&ad=-6NYlbfkN0CaE4UUR_EVQ77SkiASFVMKUx_i2X5txYnscV13_I0a8SHsBseSSIFi-o-Jf1ziFQQiIpkJJHJo8WrxKI5Wk0qtN0UmIOYJYiAlioDJrTEBlXal4lnQd-aqEw4aTbV1rSb-fZ6QWXc-FdT0eOl1nWnDKD6-innFr2JN29kbkJ8zdxpxegMz_g7kMUc8T5sm1UAXtT0C3L3MT6aPLvnO8M3Zyuu3GjxfPKQLk0RtXSVM25cdOWhUKzJ0J62QO6vPe6LBNx4A-guG1S1iTVwlEL6xGufRBxu2yqGC2WEHP0M6GjUxuSiyGS_yjFAtFd3cE0G42JFEnnjwgLZqNlKTw45DGnZRa7S-74VWmoTPvFuCFR4LviDVjN5N2AiD2n-zkTaH0XEvRKrjHzPSkqG8i2qC2rz4eFA3aoMhCa9sOX4dcP-uM1WC_g47mwyFjBHsnq8cyX8uz-JdkMltV1_aIYhnFLiensPSda4=&p=3&fvj=1&vjs=3,"PHP 50,000 - PHP 60,000 a month",middle_level,40000.0,False
739,Business Development Manager,Zengage,Pasay,Managing both our existing sales pipeline and developing new business opportunities.Take a lead role in the development of proposals and presentations for new…,https://ph.indeed.com/pagead/clk?mo=r&ad=-6NYlbfkN0CFotHD-krhVRmL6z7Fkx8OwRSN61x6AZz56VJROuU-MXcJg0avP6I4o4w15NbLaHKw7a_6MNBusDESCh-G5WgC6CmM2auVjKfBpAaaVOqOVR7OdnW8EB0hSeO11iaBF9u_AGIuUdXeTQyiClpXpGmtc-9ey9wXSNyFELt7ZWWlHhcePBRpmNs_JRgVMWoXgAKBB9Cm6UZzFxH98mwC1kzuTWY1srXiy3ZWpGV176P4AY41xkTJapMbMuibkqwZOYZZ9EMofwe_biNcM1iensXdBoOYgUQbN_PXsdDTo4kJNxNmvOibsqXa6npJpo_zq5Jwo1g7dHOFvAPrwkuCcKQB3FnDi3oiW6OrcLLjDcE-ys8dyNZY6R3AWA4M8zBL3mGP2ZgDYmxx5OsFRAcvk9IDn-dLmtyjM87a1-uUaMc211_GEOX5A8NBRfO3i-l45eWYyooPSgeVwrbhS0jrPeLFmvDxQ5R4PT6gW9mIS_onnA==&p=4&fvj=1&vjs=3,"PHP 60,000 - PHP 80,000 a month",senior_level,35000.0,False
750, Warehouse and Logistics Manager,C&L Decor,Quezon City,"Overall in charge of warehouse and logistics team.Responsible for timely and correct delivery, set up and pull out of rental items.",https://ph.indeed.com/pagead/clk?mo=r&ad=-6NYlbfkN0DDqS8H06XiaTtf1G2AYbRf-cCYmmJwCwxas9fpgnlOsIbHVonB7kF8naSN_YaKIg2lFYCivAmp-nFfa2kcajIqEZlQt-xFpwnEtUyN4ItYzWLo2lNWSDlSWctvpWyY3Z_0Eg1FFXTYVeg6788TnmJFSBVHZS2hQ1Cnk_ECfjDCPpfgnF_EQi3tP1-FzYJH6DcW66cFGR-rmt9uPcKu-QLL4XerifQ4AOiNQvfcryrlRvMlEfSMqJdqKG5Rz2VQfjmB_adUEUUxzjI79m5yNCBtcRHpwEJ6wgQ5liDMEXdehF0WeDidblpIIws9KKBColbg4nEfWfCvhjiIYny94CZS46i2vFNE5Tip-LN4nXm_njforcyboD1np7-IGqN-Qq9s8HgdUh-6Qu75jNzNA08ZbubILqQt36WgQ7W7_10fYHYZ-Mbf3E3azqQ_b0NU63EE-EVQPZ-kVA3SaFDesGwMgStyBh_oj3A=&p=0&fvj=1&vjs=3,"PHP 30,000 - PHP 50,000 a month",middle_level,40000.0,False
763, Operations Manager (Temporary work from home set-up until fu...,JK Network Services,Remote,Atleast 3 years of experience as Ops Manager/Assistant Manager.Amenable to work onsite and WFH set-up.Advertising experience is a plus.,https://ph.indeed.com/company/JK-Network-Services/jobs/Operation-Manager-5c1ee6e67f3c14d8?fccid=62bd09cb34df5ce3&vjs=3,"PHP 70,000 - PHP 80,000 a month",senior_level,54817.5,False
802,Relationship Manager,Asian Venture Philanthropy Network (AVPN),Remote,"AVPN also produces research reports that support ecosystem development, hosts a platform to match the financial and non-financial resources of investors with…",https://ph.indeed.com/company/AVPN-Hong-Kong-Limited/jobs/Relationship-Manager-fe182c95f6af95af?fccid=8b5de540d74427d0&vjs=3,"PHP 60,000 - PHP 70,000 a month",middle_level,70000.0,False
810, Warehouse and Logistics Manager,C&L Decor,Quezon City,"Overall in charge of warehouse and logistics team.Responsible for timely and correct delivery, set up and pull out of rental items.",https://ph.indeed.com/pagead/clk?mo=r&ad=-6NYlbfkN0DDqS8H06XiaTtf1G2AYbRf-cCYmmJwCwxas9fpgnlOsIbHVonB7kF8naSN_YaKIg2lFYCivAmp-nFfa2kcajIqEZlQt-xFpwnEtUyN4ItYzWLo2lNWSDlSWctvpWyY3Z_0Eg1FFXTYVeg6788TnmJFSBVHZS2hQ1Cnk_ECfjDCPpfgnF_EQi3tID2fEEdnFr7EOn0jqMiBZXNsi0oYc4RQ3d396g-vW7GBs1_O0qQZZTPQ6jse28J3OFlwuHPaz1SItn24OoNT-Xyh-3rhOlJruH1zIgL2hmnuS9oYgfdTU8b1TUhjYxyHyYe79zIL01gdSq5UFhm4p4r8AJ1Vax_Xk483qCIwaLxX4-IJm-KA7ib3fw2cS3NfRZX4UYkLkA6__GYVEFbgm82bsauTN5cPKVRfr4lbTGk67i5qmGYSq96OdEUmB2CSj6-N2zonGifvyQuIGlVOPBgZlbsAiFYkxN7Kb5v_J9I=&p=0&fvj=1&vjs=3,"PHP 30,000 - PHP 50,000 a month",middle_level,40000.0,False
811,Warehouse Manager,Styleright Global Corp,Quezon City,"Manages the Styleright Global warehouse including the oversight of the following major areas: Inventory, Fulfilment, Delivery, Returns and Repairs.",https://ph.indeed.com/pagead/clk?mo=r&ad=-6NYlbfkN0BfV3sViy7UxIQ9fiC1DpSpN_464hoahgMH33x8XuuRcVkHi9eA6qqVpMSmfXqKsTBNUlZZTvQrN3tGBCLoyumm8ai7cw250uCwMIMv3nR2qkECWhczuzoomxU-TshyuInIzxPo52diFMa0udzM5vlu_3k2nEo_H9TgfGqXEqTvOjvRmEX1Cwq7Uq4pcYo3ycuMrAcNNY-UpszNTxmCrTTZGxu2A4a80Hs1Aef-dvBTpHGzsq2r-MWeALuToKTK0ryjo0tWG86uYliQx5lqBhdVZeCujnWf8t3pRn_Mvfi5aPUbJ82p9P-rDKro79yuhnbIQexx_FMJbnZgymUoEy9tlv8Nzh5bxumZq6nGArR7wHblkBvj4yfkdRltpqEF9d9ul25mqgX3-swrHlpjeFAt_tUt9oW3MaFtE_g0rExu4VcA1kLyjeH1ivH_eTUfolEZdh0OJt5A0WJpOlVj_wa5&p=1&fvj=1&vjs=3,"PHP 30,000 - PHP 40,000 a month",middle_level,35000.0,False
812, Business Development Manager,Counto,Remote,Lead generation: Develop and grow the pipeline of small business owners who might be interested in Counto's services.Event management skills are an added plus.,https://ph.indeed.com/pagead/clk?mo=r&ad=-6NYlbfkN0CGoa8kOvm4cdVn3yVUHbyOXTpbu9vYfEQ_yhF8woKjCEAqGvvbKDaEfiA9OANXLrI2EcnMoITOVIpsxRGW8qiMl1gm1SzWgUuE1oHQtrAgKyFexJlwjyBEa66QCIrGDlL8stN_4cGd34RgW86ybCTst5u2RjgdJTQ1nKz5_vSxgaeahlEyri8eJ_XX0y407u567N2QD0DlwrUGw5Owg8p8zOvbRtaj__2B5K9WTYuMWSvOggDVtbCdwonwayuHvGPo8O2C5MBnxUH5LST67fJ1PSdjnMUpD8lj_347yFZRWCHCdDzapLe2iTIdYTcYTd0HZ5iicawYYGTfNIgmy1WOz3u65Sfdxt_585o5pabtB6pKsbUfDZEzHvgi3qo1OuDr8bc2zSrteOOIyCTSWc-62xEmcKKrwQzilxms0nTiVEiaaHEMkYhCjIKeRtovAtXbf3K5ImwlegWcJLsMO58avOwlRL4RzLA=&p=2&fvj=1&vjs=3,"PHP 25,836 - PHP 83,799 a month",senior_level,47500.0,False
813,Operations Manager,Vrio-Fintech,Remote,Vrio-Fintech *is a payment processing company focusing on cutting-edge technology to automate banking and digital wallet payments for clients across the Globe.,https://ph.indeed.com/pagead/clk?mo=r&ad=-6NYlbfkN0CaE4UUR_EVQ77SkiASFVMKUx_i2X5txYnscV13_I0a8SHsBseSSIFi-o-Jf1ziFQQiIpkJJHJo8WrxKI5Wk0qtN0UmIOYJYiAlioDJrTEBlXal4lnQd-aqEw4aTbV1rSb-fZ6QWXc-FdT0eOl1nWnDKD6-innFr2JN29kbkJ8zdxpxegMz_g7k0q6xZGrJPThQnvt16I7FgHYhcql6XBI4O14GARo8FDA96RUiQU3ENJ7ZyTp0fj0hzO94NI9wAy49WFVY_SejBVzgUQJ5ZIODY9Iid6dWYgGiWSJJ_e6uTPuuUYXRpt4DjKmrldtG24f11ZWmeSjU0QU1F3zQTiTzBztPPhGgRXnAKKXK9-zlbjQ3x0okmpyUSQmX_bv32DP3vP54iIOCE2XPlNYDQkYwiRPFW_67OuvDupcGAioHDnNCl_cqS-XE9_7ARslekRl1PCJUkwsV52LcKYPZb_N2qtgcq1dYnTU=&p=3&fvj=1&vjs=3,"PHP 50,000 - PHP 60,000 a month",middle_level,54817.5,False
814, Concession Sales Manager,Richprime Global Inc,Quezon City,"Job Purpose: Responsible for planning, implementing and directing the sales activities of the company in assigned territory to achieve sales objectives.",https://ph.indeed.com/pagead/clk?mo=r&ad=-6NYlbfkN0CENJk4o9GUurtIJdOl7KSv0iEgy0-Xt7T_29a-YielZtoINrID6B-j0nvPJJ7QfUi-pztEjolHFh44gUrUwv5Nq2xdUu_4PTF1aHISwbxJ7rrI_L7yl5QfDcGfdeSE2SWgSzn36oUWkgJ-6T2Jz4mh-SgmGfg35BxhlHMnW-M-m5t1yfJwjPyCzkfWmxcPNV1b1jVlSp9Oku_LmazMzaZEkXFVoSEgPBfuK9tl2eSx6ViOvYCljRtdfFnYZdI2xqKEEm7TFBz4c4Qpuv6NfTA_jPVTDio0ERaZJPhQ17stgNJwfHdWsEP9e3J3rvcw4xR1GMbJ-faGS_DizZaOQLch5CMtmvgfP-JkQWPfliq5S_j6jwGHr6NvGkzUmBHr8NrrExR25fzLyyR6RSiF-3qb6RPbGERiTUYEJHNyL_VBBrEJ24KUVByo6LkvxFVbKlSKTK3A-QwRY-idSR5X1c1p9waJNxZPyuI=&p=4&fvj=1&vjs=3,"PHP 40,000 - PHP 50,000 a month",middle_level,55000.0,False
815, Marketing Manager (Full Time) Work From Home,DrinkFit,Remote,"Will oversee inbound and Outbound Marketing campaigns of the company.Can analyze data gathered from specific resources, turn into graphs and present them to…",https://ph.indeed.com/pagead/clk?mo=r&ad=-6NYlbfkN0CzD41_wa0pJQ2EMc362fWKHNxn0qBF-KVwfu_dRalt96OHqgH_bWsYKLkr3nLCnEuEJME5v7SMoSN9XzxN3ECB9_vEh6EHuLUAESJ0up8baAbBPyBl_pOsUL6wyyi3FDO4SlTE_pxkLpy_P00SVR7ks9m79kUrH7_UjyQ95jYmzTh9pp1m3RNEPeCClLduuvjGh23VxlG-T68O0xlOcFokGoFz-UohsZVggxlSN9TsOUNzopRm5Pojjj_dNvZpUOSmHcrrrPW-QfqBZYZq-Ivg8az70wi-mhzyFrWO_IpQlRgFEQzSFlmTLO_MeIt_IszcdtbSSY2ZtmonMeSaO7GwuHcWBr-CB0BI29HwKDlW1LFdYrxt6F89yxeG5bIY66eHXzlwKrzZ8BBJqRnu3fNHbnU_HSIIa7eEX9DAVDQp_7V0pGz5OVqfJWn5LZ3fhfaEmJEBJ3mVy0KG9y93SsbdpcqrLv0QU4WHmVt1sbGGA5cBIn2kqR-b&p=5&fvj=1&vjs=3,"PHP 50,000 - PHP 60,000 a month",middle_level,70000.0,False
823,,,,,,,,47500.0,False
825,Operations Manager,Vrio-Fintech,Remote,Vrio-Fintech *is a payment processing company focusing on cutting-edge technology to automate banking and digital wallet payments for clients across the Globe.,https://ph.indeed.com/pagead/clk?mo=r&ad=-6NYlbfkN0CaE4UUR_EVQ77SkiASFVMKUx_i2X5txYnscV13_I0a8SHsBseSSIFi-o-Jf1ziFQQiIpkJJHJo8WrxKI5Wk0qtN0UmIOYJYiAlioDJrTEBlXal4lnQd-aqEw4aTbV1rSb-fZ6QWXc-FdT0eOl1nWnDKD6-innFr2JN29kbkJ8zdxpxegMz_g7k4cUB5NC39RvyB791JsrTRUluwiHNNJRsIZef8OcjrJs8qsLYEbTuvra854JJ9UbDT-2V6erHUPLkxDPQ4PnXCeCllvQ1ZFGyyxXNIK12MtLJZYe8kwkgitQ_Z9bW09acPHkGzAa9z8ei1-nzjH7JLNimc4tVZrTZgUofgAm-JFGBKvpz9JWMRCsbxO5PBmZCTCxuHJuJzWroH1wqZD6arvxV1rEuBpq8xD08IgEekwJlNZraN80YVhydpZuSEr_ViSXOFs4wyK8KNW_P3Z1ApwGaccI1ut_7J9_ct0BlM0k=&p=0&fvj=1&vjs=3,"PHP 50,000 - PHP 60,000 a month",middle_level,54817.5,False
826, Warehouse and Logistics Manager,C&L Decor,Quezon City,"Overall in charge of warehouse and logistics team.Responsible for timely and correct delivery, set up and pull out of rental items.",https://ph.indeed.com/pagead/clk?mo=r&ad=-6NYlbfkN0DDqS8H06XiaTtf1G2AYbRf-cCYmmJwCwxas9fpgnlOsIbHVonB7kF8naSN_YaKIg2lFYCivAmp-nFfa2kcajIqEZlQt-xFpwnEtUyN4ItYzWLo2lNWSDlSWctvpWyY3Z_0Eg1FFXTYVeg6788TnmJFSBVHZS2hQ1Cnk_ECfjDCPpfgnF_EQi3tdEKGH6x4FhWJkPMALyZ7K63IeHPHeE1xc7Xr3hpp-CmOQYNODmtjnMdcpcjkNlwA4NGq1_nVrRtJ3Bf4c2s7aRdmsRyTWs5_xn4FiwrQA0pvgVqPlMhUNVTi7kC9faZTR9QMXxFblxy9pD92LgU-ZbXxr4n1n8I4cRClDq2_ofdh53-ciouDwmIqi7hmCbZ9NTm8jVGQLYX6J8UAA0YxPr2cSGZLHkQgh8yvG7SzQU_O9nd8DoAzZKc7pXRTE1ly8H3pDR40e432Qp2I723yQ992K-LpoWxbnUxlMb7pkYk=&p=1&fvj=1&vjs=3,"PHP 30,000 - PHP 50,000 a month",middle_level,55000.0,False
871,Warehouse Manager,Styleright Global Corp,Quezon City,"Manages the Styleright Global warehouse including the oversight of the following major areas: Inventory, Fulfilment, Delivery, Returns and Repairs.",https://ph.indeed.com/pagead/clk?mo=r&ad=-6NYlbfkN0BfV3sViy7UxIQ9fiC1DpSpN_464hoahgMH33x8XuuRcVkHi9eA6qqVpMSmfXqKsTBNUlZZTvQrN3tGBCLoyumm8ai7cw250uCwMIMv3nR2qkECWhczuzoomxU-TshyuInIzxPo52diFMa0udzM5vlu_3k2nEo_H9TgfGqXEqTvOjvRmEX1Cwq7S10XRJpDiO8DKWZd0iMOJ7xQtEp6isxtA61BaNYD2Rd659m69RnAoCCYUKqfKRkUuO_FmPxBzsuVGgqtjw4c5nfPCvPOab5Z5ZKFvZsgvkh1s6sDi8zEa1Ja3rtFy-bq_Wx2gs3bTP0R8eM3X3bK8Z7EZ50VFGnhwP4Ns_5LCfkkLGmlwmk96cjMBNDwUo8Y9lnsTVezA8gY2rEFiy9J7sRpmM8T3ZXxoEFs69p5suGi8gmeo1-PsTKi1EboX8F3uBufTsd0oWdR-t4zvxdfH7pwuNZoSBIt&p=1&fvj=1&vjs=3,"PHP 30,000 - PHP 40,000 a month",middle_level,40000.0,False
872, Business Development Manager,Counto,Remote,Lead generation: Develop and grow the pipeline of small business owners who might be interested in Counto's services.Event management skills are an added plus.,https://ph.indeed.com/pagead/clk?mo=r&ad=-6NYlbfkN0CGoa8kOvm4cdVn3yVUHbyOXTpbu9vYfEQ_yhF8woKjCEAqGvvbKDaEfiA9OANXLrI2EcnMoITOVIpsxRGW8qiMl1gm1SzWgUuE1oHQtrAgKyFexJlwjyBEa66QCIrGDlL8stN_4cGd34RgW86ybCTst5u2RjgdJTQ1nKz5_vSxgaeahlEyri8eJr5fH0So4h-hhfQJyEoD2iTzf2LUIWYgowjuLF2_M1GMHDCjuKkF2AgQftkF5-VC7z5zXIkG874EGKO2YgQPF9NHQTRN6TdDIxHEiuTID55FmAbicMxyAyH9lZBDQ3v27ZZIVHZ3TS8TDwM3Y2MjlACV0GayUMrZmKaYFqkVw2yaVdQ_fThGQtAJZQ-B-BoGDrHCH1TSPMZsZ_ORtsew5_fmfFiEdbWC9MMAnhMXl7L5--eBljmQwFMjWr1s4uU12c5K3NSFfZG2lio5UPpzFPGzTwerUy-f5mS4RFZv9SA=&p=2&fvj=1&vjs=3,"PHP 25,836 - PHP 83,799 a month",senior_level,35000.0,False
873,Operations Manager,Vrio-Fintech,Remote,Vrio-Fintech *is a payment processing company focusing on cutting-edge technology to automate banking and digital wallet payments for clients across the Globe.,https://ph.indeed.com/pagead/clk?mo=r&ad=-6NYlbfkN0CaE4UUR_EVQ77SkiASFVMKUx_i2X5txYnscV13_I0a8SHsBseSSIFi-o-Jf1ziFQQiIpkJJHJo8WrxKI5Wk0qtN0UmIOYJYiAlioDJrTEBlXal4lnQd-aqEw4aTbV1rSb-fZ6QWXc-FdT0eOl1nWnDKD6-innFr2JN29kbkJ8zdxpxegMz_g7kDlf4406GbyXdQ8EHyPvdJLVzk2UwmPN6dTK2WVZFXebuY-AAbxxcVZq3wgCuxMS8OBIbWVp7yzh4_C1kkjRFrFGv4jdtDPZUbNkymmg-c6sgpVuNVWi84V-KswB_oNZv5itNEXbr5wPnUM3ffCQGOawv9CFgMrI8NJhAIATH6z2PQM847RO0FvshXnqxYCpnkujla33Wa32XArXy2H9zduRhGPRGZR9YpYOiSVKIuPinHW9VSMj5fGsvEKk98AWVIY-f5B7mz_X76BO8WqbvQHXPc594jyUb7KGJyFKiFCc=&p=3&fvj=1&vjs=3,"PHP 50,000 - PHP 60,000 a month",middle_level,47500.0,False
874,Business Development Manager,Zengage,Pasay,Managing both our existing sales pipeline and developing new business opportunities.Take a lead role in the development of proposals and presentations for new…,https://ph.indeed.com/pagead/clk?mo=r&ad=-6NYlbfkN0CFotHD-krhVRmL6z7Fkx8OwRSN61x6AZz56VJROuU-MXcJg0avP6I4o4w15NbLaHKw7a_6MNBusDESCh-G5WgC6CmM2auVjKfBpAaaVOqOVR7OdnW8EB0hSeO11iaBF9u_AGIuUdXeTQyiClpXpGmtc-9ey9wXSNyFELt7ZWWlHhcePBRpmNs_5Xu9lZAlr5qrNfAIXHc7StlqCCd_eMB4OBT2Ij7GfLyA8CvsO9oC6BlN19_AM-KJk1hLNWeDRqdWF7fZMrSqy4lWrxwWvyxqLRY02WFRqYFelYnI10n4ONm5ZXONB-84TyfxAbRa9oFpW4xxFkyK-kGiX4LY4i_9YJpt4D4xHqzEAWs0Rd18iqUwQQHx_aSirvFs5NL4glHOwzPpPYDYA5_HPSaPVc2OPS3XZPonKvLrfToi0-n3DcQAreLT9MGT7sp5kAPIqu6mibXRU3_id9K4X5sQSLbkeYar7IQNquIlotsxEGDTBQ==&p=4&fvj=1&vjs=3,"PHP 60,000 - PHP 80,000 a month",senior_level,54817.5,False
875, Concession Sales Manager,Richprime Global Inc,Quezon City,"Job Purpose: Responsible for planning, implementing and directing the sales activities of the company in assigned territory to achieve sales objectives.",https://ph.indeed.com/pagead/clk?mo=r&ad=-6NYlbfkN0CENJk4o9GUurtIJdOl7KSv0iEgy0-Xt7T_29a-YielZtoINrID6B-j0nvPJJ7QfUi-pztEjolHFh44gUrUwv5Nq2xdUu_4PTF1aHISwbxJ7rrI_L7yl5QfDcGfdeSE2SWgSzn36oUWkgJ-6T2Jz4mh-SgmGfg35BxhlHMnW-M-m5t1yfJwjPyCMIOi_FPtwt9Gfnjg_oZiz3t-EA2od0X1oUEEIdTMCTCzJ4y2IVdPnyRZYStvljM8zUryJRbqPvYHpYgIfZfdMwKSoOSx-BMVS5uUoyEfpZs_y5ul0jnFfp5vXNmMfUXe6UsHwVh9soB5C6Azyi6UF8A1aolIlDnAKfiu36DYCUb4H4nsroWIZScZxNWqR6L5yEhv3xHK81DEdI2HCL23VZDSdY9NCKFnpnM60oWjV4NlagzAak9ckJ4V9SJJTMKflFUR4MCO-UrxXPVKIpqOT-N3z7p00qSAVVU5VVEcXHE=&p=5&fvj=1&vjs=3,"PHP 40,000 - PHP 50,000 a month",middle_level,55000.0,False
885,Operations Manager,Vrio-Fintech,Remote,Vrio-Fintech *is a payment processing company focusing on cutting-edge technology to automate banking and digital wallet payments for clients across the Globe.,https://ph.indeed.com/pagead/clk?mo=r&ad=-6NYlbfkN0CaE4UUR_EVQ77SkiASFVMKUx_i2X5txYnscV13_I0a8SHsBseSSIFi-o-Jf1ziFQQiIpkJJHJo8WrxKI5Wk0qtN0UmIOYJYiAlioDJrTEBlXal4lnQd-aqEw4aTbV1rSb-fZ6QWXc-FdT0eOl1nWnDKD6-innFr2JN29kbkJ8zdxpxegMz_g7keKOAYGy9fZqeiwH0IQiK6-cspCp24lhqma_k-RzO0aFXw13Rxkq4lcDMKMDKcMQ9xL0YvFb7em4TebCewpnR7dfTNS7UwY70kwibu3jzdRy69rPREVQwH1HNqEFM4m4ua3Cxr8ba37jDmPGbUqNRSlT5rV4M_-ULw5jvjV8YbtteeiAjPNoUh_BDMPVrEsKtvs6OGckOL7CyNnRgu9wYSIAWfYjDeM_rAcChWlsWYAYaz-T88NAhDeAIAU39-6SFlUD8SGNLcmtTeE-0eACcx4kFsIs6DApxfhUfAFu0UQs=&p=0&fvj=1&vjs=3,"PHP 50,000 - PHP 60,000 a month",middle_level,54817.5,False
908, SHIFT MANAGER (KENNY ROGERS ROASTERS MATALINO QUEZON CITY),Kenny Rogers Roasters,Quezon City,"Ensure that proper shift endorsement is accomplished at all times for each incoming shift manager Implements the following shift activities/reports, depending…",https://ph.indeed.com/company/Kenny-Rogers-Roasters/jobs/Shift-Manager-4b2d1dec64f345ef?fccid=cf58b7f49cb347ad&vjs=3,"PHP 17,000 - PHP 18,000 a month",middle_level,47500.0,False
918,Operations Manager,Vrio-Fintech,Remote,Vrio-Fintech *is a payment processing company focusing on cutting-edge technology to automate banking and digital wallet payments for clients across the Globe.,https://ph.indeed.com/pagead/clk?mo=r&ad=-6NYlbfkN0CaE4UUR_EVQ77SkiASFVMKUx_i2X5txYnscV13_I0a8SHsBseSSIFi-o-Jf1ziFQQiIpkJJHJo8WrxKI5Wk0qtN0UmIOYJYiAlioDJrTEBlXal4lnQd-aqEw4aTbV1rSb-fZ6QWXc-FdT0eOl1nWnDKD6-innFr2JN29kbkJ8zdxpxegMz_g7khuoRDMwsfkFfGd5wFfOdLSJK6KBcaN4EQe1YTPNk0na8XqBWsz5AjYFHfuiz4qHBO47zI-B9mlUWqkAC4vPwNpAOnC9KNSok6RnQhGhVJfg8bJBHP-hGMU1G3gcj6SWk7i79YOy0vMTsGyqejKdLtfPFkkVyVsm_t_7r2VGtW028Kw4JD1XWus4jNvBEolAdEtLMqJNIw91Nh5zJ-fJfj43NFqki8LWSJJYo1kxeb7UKayl6RVl8fsDIQR-5yTc0DDAtZgcjCgef1srowSrI-eLYxzfecz8k_BPmgGPpGzk=&p=3&fvj=1&vjs=3,"PHP 50,000 - PHP 60,000 a month",middle_level,55000.0,False
921, Operations Manager,Making Fine Beverages Corporation - TIGER SUGAR PH,Quezon City,"Responsible for the operations of the company by providing operational leadership, with a goal of achieving 100% customer satisfaction while ensuring…",https://ph.indeed.com/company/Gastroprime-Holdings-(Tiger-Sugar--PH)/jobs/Operation-Manager-cad63fb69680415e?fccid=d7a8729ef11ca065&vjs=3,"PHP 45,000 - PHP 50,000 a month",middle_level,30000.0,False
930, Warehouse and Logistics Manager,C&L Decor,Quezon City,"Overall in charge of warehouse and logistics team.Responsible for timely and correct delivery, set up and pull out of rental items.",https://ph.indeed.com/pagead/clk?mo=r&ad=-6NYlbfkN0DDqS8H06XiaTtf1G2AYbRf-cCYmmJwCwxas9fpgnlOsIbHVonB7kF8naSN_YaKIg2lFYCivAmp-nFfa2kcajIqEZlQt-xFpwnEtUyN4ItYzWLo2lNWSDlSWctvpWyY3Z_0Eg1FFXTYVeg6788TnmJFSBVHZS2hQ1Cnk_ECfjDCPpfgnF_EQi3t22SF1GADigOBJiF73qrJzs_bdx_IbmNMU2sotdAUuScwrTJJFQquQboYwEOmyyEJwY3RG1dmmKsegLUBp6Oitlv8nwrCO8jNm0lb7FAgXOoQpf-phZyf3mDRQ8QNODU8bRn2rlx5NLRKQsRfoG5xFymOGzCFVaEt4GMRxlnWGmXU4mX3DLToHxGktkhrYnnI3wcBaiZbS76xcLkzzeXt41_MqO0sP6QQ4kTIzn_IAL9GuqYdhGB-U6t4SrHY3jrypy0o_qm6th9VE7myGvcRis5IG5XvTirvvOeQfvWt5Eg=&p=0&fvj=1&vjs=3,"PHP 30,000 - PHP 50,000 a month",middle_level,55000.0,False
931,Warehouse Manager,Styleright Global Corp,Quezon City,"Manages the Styleright Global warehouse including the oversight of the following major areas: Inventory, Fulfilment, Delivery, Returns and Repairs.",https://ph.indeed.com/pagead/clk?mo=r&ad=-6NYlbfkN0BfV3sViy7UxIQ9fiC1DpSpN_464hoahgMH33x8XuuRcVkHi9eA6qqVpMSmfXqKsTBNUlZZTvQrN3tGBCLoyumm8ai7cw250uCwMIMv3nR2qkECWhczuzoomxU-TshyuInIzxPo52diFMa0udzM5vlu_3k2nEo_H9TgfGqXEqTvOjvRmEX1Cwq7PI1TU_mHTyrd2-VMYkydqF9aLMG-11spo2L_2ooGS1HsuwWeL3y6lEYvSuL9PorbxQgQdoUUNLA-ijd6_5Hs5QTqCSuWiCptUgz4FaOjEki54w4bBAJxXYKJTzOiLiWhnaMpdExi2r3TonEahHY5JNeIT2sWdol1pzXDlyuEOaHcSbnDwdALk-p5ZjiDLM0867DBuqJe2VjoqIuEZv6s2YJaKAnMWsWe8lO_ig42qIAP5h0s4NnudLN4z3G1BlsBF2475Z3a-8ENjZimpAmCWkCShIn1hTxI&p=1&fvj=1&vjs=3,"PHP 30,000 - PHP 40,000 a month",middle_level,40000.0,False
965,,,,,,,,52500.0,False
990, Warehouse and Logistics Manager,C&L Decor,Quezon City,"Overall in charge of warehouse and logistics team.Responsible for timely and correct delivery, set up and pull out of rental items.",https://ph.indeed.com/pagead/clk?mo=r&ad=-6NYlbfkN0DDqS8H06XiaTtf1G2AYbRf-cCYmmJwCwxas9fpgnlOsIbHVonB7kF8naSN_YaKIg2lFYCivAmp-nFfa2kcajIqEZlQt-xFpwnEtUyN4ItYzWLo2lNWSDlSWctvpWyY3Z_0Eg1FFXTYVeg6788TnmJFSBVHZS2hQ1Cnk_ECfjDCPpfgnF_EQi3tkmM0NZrOtzyNK2RRnla9LTtHZlKOr-C_kBVmM5x2Fj-4mNQv6uuDB3kPknRWQnhGW3s-B7q2OmGDoD_OB1vquJYBxE5pz6PR8p2-_1drxJHQqBsdYSsBrjNqSkntYuClMP2w2VagxvH5i5eB5KlqOy7dLjgcNseon8aEnkXoU9Rf7iCFXoM_Zp906sKoUl8rI9StgKqsp-fHBJ5odENYpgfWcH-FZdgJV9bzg6_G2XUNlyhRrDRDYDGNsI2h_yE33dKjPe1hCPAGqFRnV_SXzYTOFKfDiHDPwqw8w4QK2uc=&p=0&fvj=1&vjs=3,"PHP 30,000 - PHP 50,000 a month",middle_level,55000.0,False
991,Warehouse Manager,Styleright Global Corp,Quezon City,"Manages the Styleright Global warehouse including the oversight of the following major areas: Inventory, Fulfilment, Delivery, Returns and Repairs.",https://ph.indeed.com/pagead/clk?mo=r&ad=-6NYlbfkN0BfV3sViy7UxIQ9fiC1DpSpN_464hoahgMH33x8XuuRcVkHi9eA6qqVpMSmfXqKsTBNUlZZTvQrN3tGBCLoyumm8ai7cw250uCwMIMv3nR2qkECWhczuzoomxU-TshyuInIzxPo52diFMa0udzM5vlu_3k2nEo_H9TgfGqXEqTvOjvRmEX1Cwq7umsWr44jKFliUyz8HaHnnqvvhuKgZ11iCPho-zty63hdnUGEPPnCsKpb_6KdSJoCNUGjWDZBw8ei_hk0zTqSJZ58ijKle7ttGnFQ4H5TKCuLH0RV8CXdt60RU196yJ8iK4TuSuZj8fcuBJrP3c93eEkaKuLCUFvUHJR6oFHe4qfg1It4n3BD28zZh9Hm2Rtf2B7OPLbvH_CWYwTe-cKq1q7xlDyv4eK2TYs5AvqMAvfrBP4EFXQ7sim5yE0pxEF-REOMj6DBWYdIpYqRQr9xg8IqyBAGsbzk&p=1&fvj=1&vjs=3,"PHP 30,000 - PHP 40,000 a month",middle_level,40000.0,False
1026, Concession Sales Manager,Richprime Global Inc,Quezon City,"Job Purpose: Responsible for planning, implementing and directing the sales activities of the company in assigned territory to achieve sales objectives.",https://ph.indeed.com/pagead/clk?mo=r&ad=-6NYlbfkN0CENJk4o9GUurtIJdOl7KSv0iEgy0-Xt7T_29a-YielZtoINrID6B-j0nvPJJ7QfUi-pztEjolHFh44gUrUwv5Nq2xdUu_4PTF1aHISwbxJ7rrI_L7yl5QfDcGfdeSE2SWgSzn36oUWkgJ-6T2Jz4mh-SgmGfg35BxhlHMnW-M-m5t1yfJwjPyCGC6AuVza3kF42tZ-tMcbnfDxcKEINhiBHoHzlUWRQed5PQpqr5orlen1tb9gx3dC8sv10R0JXCc_JULTj2b18goRMn9MBnifcNCBQfCr0T6-O-q1FhTn3_GcSn5LIvIM6jhvA8DbZX_UN5U4R_nr4uZAaKqaCS3xAKYiqkaTzOYHyj60FSa4b9gQpviWyneElC2OkcDFfMZLNfrGYL9ztpHBYCaVtKARCTOCbLfi8rNQ3cxeFGP0yhn1LvR-cMOlAJ5NUykb6GR5jYbLSfAn84qR5eo-kYm0SQIXG1kgRlI=&p=6&fvj=1&vjs=3,"PHP 40,000 - PHP 50,000 a month",middle_level,55000.0,False
1038, Business Development Manager,Counto,Remote,Lead generation: Develop and grow the pipeline of small business owners who might be interested in Counto's services.Event management skills are an added plus.,https://ph.indeed.com/pagead/clk?mo=r&ad=-6NYlbfkN0CGoa8kOvm4cdVn3yVUHbyOXTpbu9vYfEQ_yhF8woKjCEAqGvvbKDaEfiA9OANXLrI2EcnMoITOVIpsxRGW8qiMl1gm1SzWgUuE1oHQtrAgKyFexJlwjyBEa66QCIrGDlL8stN_4cGd34RgW86ybCTst5u2RjgdJTQ1nKz5_vSxgaeahlEyri8efvpIRRbDip06QFQQjLOzOZ39GV9KIi8KhugIjTrmQkNeg-mme_tNHdu8JxecnEcRCEujsDXtDfII-PMgDwFlwb_rWy6fqN7eWTHFCq4cAt79zzlYC2GzNxzZ-_hxl6Q1gDhb5_5Nrqdg8xdstrJb3EHROolJlV8loeuOigWP4x6issOMoQQZ2gZ_0S7sEDQAoPGnkD7DlGDTSYvFYjc7lGkQbTUGdnK_bOaQzBTYQW0pCQH49qD8RdR-4YWD-L9tdbuWCCKdBBhGl_cAtrkONqzUM0X6aGWbcOFZY0L3QuY=&p=3&fvj=1&vjs=3,"PHP 25,836 - PHP 83,799 a month",senior_level,55000.0,False
1039,Operations Manager,Vrio-Fintech,Remote,Vrio-Fintech *is a payment processing company focusing on cutting-edge technology to automate banking and digital wallet payments for clients across the Globe.,https://ph.indeed.com/pagead/clk?mo=r&ad=-6NYlbfkN0CaE4UUR_EVQ77SkiASFVMKUx_i2X5txYnscV13_I0a8SHsBseSSIFi-o-Jf1ziFQQiIpkJJHJo8WrxKI5Wk0qtN0UmIOYJYiAlioDJrTEBlXal4lnQd-aqEw4aTbV1rSb-fZ6QWXc-FdT0eOl1nWnDKD6-innFr2JN29kbkJ8zdxpxegMz_g7kbUEdKdTr7bJKfLJQEpc-jV4ysmQmmFZAiq-_kpV9ApN_wjkhr1eTCEwfn_5iQHqJzGnfdJaWQvH1FyK1mJrNm6VcsCPfuwR2hHzhMiA_NhH2iHQ_LuJ18I2895u2XCXDpdxnDos8bExhuLcyHRH5XWZmYyQQ2Ak2I54pRERNUxb7UKpbXusKPdTqE2J7LQ3aOp6yaqYqZhQcFQnHDIGlPnEDXjQdkQogNB0GpkpPD5PLZpw5JfPh2f349ZK7j6QRyfdrB3DtFfPgcBLv8-g_TJFnZsvv3cD3I3lnffvYUEo=&p=4&fvj=1&vjs=3,"PHP 50,000 - PHP 60,000 a month",middle_level,40000.0,False
1051,Warehouse Manager,Styleright Global Corp,Quezon City,"Manages the Styleright Global warehouse including the oversight of the following major areas: Inventory, Fulfilment, Delivery, Returns and Repairs.",https://ph.indeed.com/pagead/clk?mo=r&ad=-6NYlbfkN0BfV3sViy7UxIQ9fiC1DpSpN_464hoahgMH33x8XuuRcVkHi9eA6qqVpMSmfXqKsTBNUlZZTvQrN3tGBCLoyumm8ai7cw250uCwMIMv3nR2qkECWhczuzoomxU-TshyuInIzxPo52diFMa0udzM5vlu_3k2nEo_H9TgfGqXEqTvOjvRmEX1Cwq7pTyjrVaY8LV-tnjoa6wnkJyfxiJSZEMOQrvULAxCPOdcrku-bRbvkyWFCMXMprVb2oWWkRp_-HBCT86n6bUkSrQh-GP6oy-uw5G19GF-XtzDM8N9Xud0TijW8fX1UVFoJ7htxusgFBe7iDnSpZUe1M3zzI6DejhdCB190LwAp7-1pGpgcwssumgvPWTLtYWGyn053Nn1ZvVNhnbhGdtK_X1-uAfLpOsUHTnaoBuah-2fJmDQN6ucD3hlzyDAvOZ45OQRrVVOM54uz-5gjvHMsLtFXkoyqYXU&p=1&fvj=1&vjs=3,"PHP 30,000 - PHP 40,000 a month",middle_level,55000.0,False
1052, Warehouse and Logistics Manager,C&L Decor,Quezon City,"Overall in charge of warehouse and logistics team.Responsible for timely and correct delivery, set up and pull out of rental items.",https://ph.indeed.com/pagead/clk?mo=r&ad=-6NYlbfkN0DDqS8H06XiaTtf1G2AYbRf-cCYmmJwCwxas9fpgnlOsIbHVonB7kF8naSN_YaKIg2lFYCivAmp-nFfa2kcajIqEZlQt-xFpwnEtUyN4ItYzWLo2lNWSDlSWctvpWyY3Z_0Eg1FFXTYVeg6788TnmJFSBVHZS2hQ1Cnk_ECfjDCPpfgnF_EQi3tf2nmk4AFBVZLBmEMUHhyq4S0JOcSCyJ5qe2wOLhdufwbGgsdp9Yo4PQ_rwnnMvVy21ri1O4BHm97Bx9xmvbmnrnUjZZNvraH7Z36Z7m1zqzScZyuleh1md6BjQnJtwWCTYEa_hmNtunymp1k0G6dWvPg7d0c_DbLI33Ee1T6BVRI3fnmxBKDz_yQPkP3W5-t_5KhnZLtuKVNXi3bJYwzdvsQME4ojprzRTL0tB11KVV-oAVhtixBUobc039EtH6LnhYfW6W0axIOt3eFnzCqB-019YH2x-4y4MiJ1egU9-U=&p=2&fvj=1&vjs=3,"PHP 30,000 - PHP 50,000 a month",middle_level,40000.0,False
1065,Operations Manager,Vrio-Fintech,Remote,Vrio-Fintech *is a payment processing company focusing on cutting-edge technology to automate banking and digital wallet payments for clients across the Globe.,https://ph.indeed.com/pagead/clk?mo=r&ad=-6NYlbfkN0CaE4UUR_EVQ77SkiASFVMKUx_i2X5txYnscV13_I0a8SHsBseSSIFi-o-Jf1ziFQQiIpkJJHJo8WrxKI5Wk0qtN0UmIOYJYiAlioDJrTEBlXal4lnQd-aqEw4aTbV1rSb-fZ6QWXc-FdT0eOl1nWnDKD6-innFr2JN29kbkJ8zdxpxegMz_g7kakDpLiQHu1DN1JhKdM8A31Y20AomZea9B0zeNBojsM81C1d4aDtt12Y5RPtqW7g7zGUeYL9N0UK2Mn9wwIcCEqBfOfly7SY5e2utEJyVNf3Z0JWcYRqBsKNdwY4U0LRfhE0gID28bRXEaDDs_UyPdBJNJdDG7jEsiAsgRX1l62ODrH-LXQ5JYhq4ZPzy0PAIX9OQCHaiceHqkr_hxbHLR6rmg3D8N9GzS-1fkyMOCowGyTADrjyzAxpeP9QS3d1DX-eg8KxEx29AtP5lyZAyVaM0ZaAc1MliwVp_a7xfWjU=&p=0&fvj=1&vjs=3,"PHP 50,000 - PHP 60,000 a month",middle_level,40000.0,False
1078,Customer Experience Manager (Permanent WFH),Penbrothers International Inc.,Remote,Contribute in developing and improving our overall customer experience.Define and put in place better processes to improve the customer journey experience.,https://ph.indeed.com/company/Penbrothers-International-Inc./jobs/Customer-Experience-Manager-15382ac3c647d6c1?fccid=f073b02fe5aaf1d9&vjs=3,"PHP 40,000 a month",middle_level,65000.0,False
1097, HR Manager,pro group electric bike and scooer,Makati,"Develop and implement HR strategies and initiatives aligned with the overall business strategy.Bridge management and employee relations by addressing demands,…",https://ph.indeed.com/pagead/clk?mo=r&ad=-6NYlbfkN0DrTLwo4BEZ61idMT5iWx7bv10aHPb5f3LgySyddVzyWGBBVhK68pHVzYNTqe2PO8dpsDylIEsqxE5R4t3AmRB7UshjzuTrsEpYCBWZLY4ZGHWksAsfUjYsy0lBAqISzY09hav3dwyGsM4UrEAqz1LRHddgXtXJpRveEj7TtxAt22UZqh984SrVp2F2fqk1mFlu91fQxhXPx62xqAvuy5Mb046G0RpStybFy2sgE6N__Z4euREwvuELhrXlA1olFEd1nppUwjF70szSEG-TO01yLS4yqvKjpzmnss0xb-qyGnsUZ4Qoil_6Hdt8Fja9qX3Oe10liHfYnHlWJkXuMEvZYiYEkfUsUQaVfm168mK1hzcdIqZuRHPIn4kndtBNxcCxs72d-9c5qhODgnZxydujqCCdE5C0oo8L-IZfpijkm9UBO9XtDc2CWn2hIRjgc432g0bdCC1rh13xyYxQUtZZ8VavmifuHXE=&p=2&fvj=1&vjs=3,"PHP 40,000 - PHP 55,000 a month",middle_level,65000.0,False
1099,Operations Manager,Vrio-Fintech,Remote,Vrio-Fintech *is a payment processing company focusing on cutting-edge technology to automate banking and digital wallet payments for clients across the Globe.,https://ph.indeed.com/pagead/clk?mo=r&ad=-6NYlbfkN0CaE4UUR_EVQ77SkiASFVMKUx_i2X5txYnscV13_I0a8SHsBseSSIFi-o-Jf1ziFQQiIpkJJHJo8WrxKI5Wk0qtN0UmIOYJYiAlioDJrTEBlXal4lnQd-aqEw4aTbV1rSb-fZ6QWXc-FdT0eOl1nWnDKD6-innFr2JN29kbkJ8zdxpxegMz_g7kVhbaYM9dtnQmfpWzOc7DX0PI0uw6sUkXjt-VAoo2j0dLEiW2BXLKK4iypKrwOZRgIKdYGQUaGQCC9A2S5XI-b1YUhhDuvudHyUw0rvcyhe4w0hrD4VSuVYa7ZGrQYAjaaUFC1GGVopkN_kRlb36jMhGYW11FNXBahcqlEuxoWG01xK4upX4blG4iWFvbjcNJL_eQ2Y66y4GFkyDtPGR-Blg68p6eMKWGa0VdAPhbWp-MngjQvY-td7nMCmSaipAdqMfIexCa7BMlOuy-Qv8u41pkJN-0ECgL7tsfvhHy0gM=&p=4&fvj=1&vjs=3,"PHP 50,000 - PHP 60,000 a month",middle_level,65000.0,False
1117,Assistant Restaurant Manager,Popeyes Philippines,Quezon City,The Assistant Restaurant Manager assist in all managing aspects of a restaurant's operation in order to ensure that Popeyes Louisiana Kitchen Philippines Inc.…,https://ph.indeed.com/company/Popeyes-Philippines/jobs/Assistant-Restaurant-Manager-c90487cd156512a8?fccid=4da358b339819494&vjs=3,"PHP 25,000 - PHP 28,000 a month",junior_level,26000.0,False
1118, OPERATIONS MANAGER (Food & Bev Industry),Career Purveyors Co.,Alabang,"Day-to-day management of the restaurant operations, including administrative oversight of the brewery, commissary and logistic operations.",https://ph.indeed.com/company/Career-Purveyors-Co./jobs/Operation-Manager-6dba3f4425581e90?fccid=b7032157fd4e9a05&vjs=3,"PHP 25,000 - PHP 35,000 a month",middle_level,32500.0,False
1119,,,,,,,,26500.0,False
1121, Restaurant Manager,Bornga Korean Restaurant,Makati,To follow company instructions and policy and maintain the good standard of quality of service and products;To be a good example to his/her subordinates;,https://ph.indeed.com/company/Bornga-Korean-Restaurant/jobs/Restaurant-Manager-ae7fa6ceeb3279dc?fccid=b13316596ca9feb2&vjs=3,"PHP 20,000 - PHP 35,000 a month",middle_level,17500.0,False
1122,,,,,,,,27500.0,False
1124, Food and Beverage Manager,Golden Pyramid Management Solutions Inc.,Makati,"Hire, train and manage, supervise, develop, discipline and counsel all food and beverage management team members according to company policies and procedures.","https://ph.indeed.com/company/GOLDEN-PYRAMID-SKILLS-DEVELOPMENT-AND-MANPOWER-RESOURCES,-INC./jobs/Food-Beverage-Manager-e3252ef49e92eb10?fccid=7d4f76893d11c2e1&vjs=3","PHP 25,000 - PHP 50,000 a month",middle_level,37500.0,False
